标题,内容,发布时间,发布日期,提取证券名称,匹配证券代码
经济日报：不能把抹黑民企当成生意,【经济日报：不能把抹黑民企当成生意】财联社9月21日电，经济日报第五版文章指出，近几年，社会上围绕“两个毫不动摇”时不时出现各种错误言论，尤其是一些网络写手大肆抹黑民营企业和民营企业家，通过变现流量获利丰厚，同时也引发了否定民营经济等舆论风波，“民企敢闯”的号召受到不小影响，干扰了中央大政方针。要给民营经济发展一个良好稳定的预期，为民营企业家营造良好舆论氛围必不可少。接下来，对那些曲解、抹黑民营企业与民营企业家的不实报道、不当言论，职能部门、相关平台应该坚决亮剑、决不姑息。,07:13:50,2023-09-21,经济日报,
改性生物炭可大幅降低汞污染治理成本,【改性生物炭可大幅降低汞污染治理成本】财联社9月21日电，据中国科学院东北地理与农业生态研究所消息，该所科研人员制备出一种改性生物炭，大幅降低了废水中汞污染的治理成本。相关研究论文发表在工程技术领域期刊《燃料》上。,07:08:15,2023-09-21,,
周四（9月21日）重点关注财经事件和经济数据,"【周四（9月21日）重点关注财经事件和经济数据】
①15:30 瑞士央行公布利率决议；
②16:00 瑞士央行行长乔丹召开新闻发布会；
③19:00 英国央行公布利率决议和会议纪要；
④20:30 美国至9月16日当周初请失业金人数；
⑤20:30 美国第二季度经常帐；
⑥20:30 美国9月费城联储制造业指数；
⑦22:00 美国8月成屋销售总数年化；
⑧22:00 美国8月谘商会领先指标月率；
⑨22:00 欧洲央行行长拉加德发表讲话；
⑩ 22:30 美国至9月15日当周EIA天然气库存。",07:03:34,2023-09-21,,
,财联社9月21日电，香港金管局维持基础利率在5.75%不变。,07:01:33,2023-09-21,,
日本对华食品出口暴跌41.2% 创东日本大地震后近12年最大降幅,【日本对华食品出口暴跌41.2% 创东日本大地震后近12年最大降幅】财联社9月21日电，据共同社20日报道，日本财务省当天公布的8月贸易统计初值显示，包括水产品在内的食品对华出口为141.86亿日元（约合7亿元人民币），较去年同期减少41.2%，创下东日本大地震后，近12年最大降幅。日本时事通讯社20日分析称，反对福岛核污染水排海的中国政府，从8月24日开始全面暂停进口日本水产品的影响日益显现。《读卖新闻》认为，中国全面暂停进口日本水产品的影响，今后有可能会进一步扩大。 (环球时报),07:00:44,2023-09-21,,
业内人士：近期相关方出手增持 释放看好银行股估值修复的信号,【业内人士：近期相关方出手增持 释放看好银行股估值修复的信号】财联社9月21日电，活跃资本市场、提振投资者信心，上市银行身体力行、自掏腰包，正在采取积极行动。记者梳理发现，9月以来，多家银行发布公告，透露股东或高管增持公司股份新动向。业内人士认为，近期相关方出手增持，释放看好银行股估值修复的信号。 (中证报),06:55:46,2023-09-21,业内人士,
万亿险资“松闸” 考验创投机构长钱驾驭力,【万亿险资“松闸” 考验创投机构长钱驾驭力】财联社9月21日电，近日，险资下调科创股权投资的风险因子，意味着私募股权创投行业将迎更多“长钱活水”。数据显示，今年以来，险资对股权投资的活跃度较高。业内人士称，保险资金具有长久期的特点，是私募股权创投基金的天然伙伴。从过往投资情况来看，基于对绝对收益的追求，险资在股权投资领域偏好中晚期阶段的成熟项目和企业，行业上更多偏向与保险主业有一定战略协同效应的行业。业内人士认为，险资对科创类企业的布局有待进一步加强。与此同时，伴随着险资入市脚步加快，私募股权创投机构在“投、管、退”上的综合投资能力将迎来更大考验。 (中证报),06:55:01,2023-09-21,,
减肥药板块火热 基金经理积极布局,【减肥药板块火热 基金经理积极布局】财联社9月21日电，近期，A股市场延续震荡态势，之前相对“冷门”的减肥药板块却持续走强。盘面上，常山药业、翰宇药业、圣诺生物、诺泰生物、华东医药等减肥药概念股近期表现喜人。在这些“牛股”的股东名单中，出现了多位知名基金经理管理的公募产品身影。针对近期减肥药板块走势强劲的现象，有业内人士表示，看好国内外市场的需求前景和投资机会，但需要警惕该板块的短期回调压力。 (中证报),06:53:38,2023-09-21,,
A股医药板块反弹 主题基金纷纷“回血”,【A股医药板块反弹 主题基金纷纷“回血”】财联社9月21日电，近期，反复筑底的医药行业迎来较强反弹，包括减肥药、创新药、生物医药、化学制药等板块在多个交易日领涨市场，超30只行业主题基金近一月的净值增长率均超过10%。投资者热议当下的布局“窗口期”，甚至有基金经理表示，要珍惜眼前的“黄金坑”机会。 (中证报),06:52:08,2023-09-21,,
美媒：小行星“贝努”可能在2185年9月撞上地球,【美媒：小行星“贝努”可能在2185年9月撞上地球】财联社9月21日电，美国广播公司20日援引美国国家航空航天局（NASA）消息称，一颗近地小行星可能会在2185年撞上地球。报道称，这颗被命名为“贝努”的小行星于1999年被科学家发现，经过20多年的观测，科学家发现该小行星每6年会贴近地球一次，此前它曾于1999年、2005年和2011年掠过地球附近。科学家推测，“贝努”有可能在2185年9月撞上地球，并产生相当于核武器24倍威力的能量。不过这灾难性一幕发生的概率极低，仅为0.037%，即1/2700。 (环球网),06:50:05,2023-09-21,,
,财联社9月21日电，日本芯片制造商铠侠考虑削减员工数量，以支持公司转向。,06:49:14,2023-09-21,,
经济日报：培养更多优秀职业技能人才,【经济日报：培养更多优秀职业技能人才】财联社9月21日电，经济日报头版文章称，必须清醒认识到，我国已进入人口发展新常态，虽然人口和劳动力规模依然庞大，但总量呈下降趋势，劳动力大龄化特征明显，并存在供需结构性错配等问题。特别是在制造业一线，普工数量不足，高技能人才的求人倍率更是长期保持在2以上。正在爬坡过坎的制造业迫切需要更多素质优良、结构优化、分布合理的现代化人才。对当代劳动者来说，也要适应新时代新要求，紧跟国家需要，努力提高自身技能水平。不论是与毫厘较量的焊接、雕刻、砌筑，还是增材制造、工业机器人、虚拟现实等前沿技术，技能人才素质基础打得牢，现代化产业体系大厦才能盖得高，个人成才成功之路也才能走得好。,06:49:11,2023-09-21,经济日报,
美使馆发言人称美国驻黎巴嫩大使馆附近发生枪击事件,【美使馆发言人称美国驻黎巴嫩大使馆附近发生枪击事件】财联社9月21日电，据路透社当地时间20日报道，美国驻黎巴嫩大使馆发言人杰克·纳尔逊表示，当地时间20日22时37分，美国驻黎巴嫩大使馆入口附近发生枪击事件，暂无人员伤亡。美国使馆方正在与黎巴嫩执法部门保持沟通。 (央视新闻),06:47:30,2023-09-21,,
韩国财长秋庆镐：韩国外汇和金融市场表现出稳定趋势,【韩国财长秋庆镐：韩国外汇和金融市场表现出稳定趋势】财联社9月21日电，韩国财长秋庆镐表示，韩国外汇和金融市场表现出稳定趋势；韩国政府和韩国央行将密切关注市场状况，在必要时采取措施。,06:47:11,2023-09-21,韩国财长秋庆,
企业满负荷生产 钛白粉行业迎消费旺季,【企业满负荷生产 钛白粉行业迎消费旺季】财联社9月21日电，近期，钛白粉企业开启新一轮提价。据机构统计，9月18日-20日，17家钛白粉生产商上调了产品销售价格。业内人士表示，行业迎来消费旺季，不少钛白粉厂商满产赶单交货，多数生产商排单已至10月中旬。 (中证报),06:46:07,2023-09-21,,
,财联社9月21日电，新西兰第二季度GDP环比增长0.9%，预期增长0.4%；新西兰第二季度GDP同比增长1.8%；预期增长1.2%。,06:45:33,2023-09-21,,
业内人士：大宗商品价格年内底部或已出现 未来料呈现震荡向上走势,【业内人士：大宗商品价格年内底部或已出现 未来料呈现震荡向上走势】财联社9月21日电，6月以来，国内大宗商品期货指数涨幅超16%，多类工业品期货涨幅超40%，尤其是原油、铜、铁矿石等化工、有色、钢铁上游原材料价格涨势突出。钢铁产业中，上游品种期货价格涨幅远超下游品种。业内人士认为，供给刚性、投资者规避短期汇率波动风险的行为驱动部分全球性定价较强的商品强势上涨，随着供给趋向宽松、人民币汇率趋稳，此类原材料价格向上空间有限。目前来看，大宗商品价格年内底部或已出现，在需求复苏预期下，未来料呈现震荡向上走势。 (中证报),06:44:22,2023-09-21,业内人士,
专家：9月LPR保持不变符合市场预期 四季度存在下行空间,【专家：9月LPR保持不变符合市场预期 四季度存在下行空间】财联社9月21日电，中国人民银行授权全国银行间同业拆借中心公布，9月20日贷款市场报价利率（LPR）：1年期为3.45%，5年期以上为4.2%，二者均与上期持平。专家表示，9月LPR保持不变符合市场预期，在银行净息差收窄、存量房贷利率调整在即背景下，银行主动进一步压缩加点动力不足。展望四季度，为促进实体经济融资成本稳中有降，助力经济回升向好，LPR存在下行空间。 (中证报),06:40:39,2023-09-21,,
周四你需要知道的隔夜全球要闻,"【周四你需要知道的隔夜全球要闻】
1、美联储联邦基金利率目标维持在5.25%至5.50%的区间不变，符合市场预期。
2、FOMC经济预期显示，上调美国2023年GDP增长预期至2.1%，上调美国2024年GDP增长预期至1.5%。
3、美联储主席鲍威尔表示，不会将软着陆称为基线预期，软着陆是有可能实现的，必须谨慎行事；软着陆是FOMC的主要目标。
4、FOMC声明显示，12位官员预计今年还会加息一次，7位官员预计维持不变。
5、美联储掉期显示交易员将首次降息推迟到明年九月份。
6、欧美股市涨跌不一，纳指跌1.53%，标普500指数跌0.94%，道指跌0.22%。Instacart盘中一度跌穿30美元的美国IPO发行价。欧洲主要股指集体收涨，德国DAX30指数涨0.75%。
7、美国众议院议长麦卡锡表示，不能保证明天会通过权宜开支法案。
8、俄罗斯副总理诺瓦克说，今年俄罗斯石油产量预计为5.27亿吨，天然气产量预计达到6420亿立方米。
9、沙特下调对印度出口石油的溢价。
10、俄罗斯可能会征收与卢布汇率挂钩的新出口税。
11、美国SEC主席表示，政府关门将严重影响SEC对市场的监管。
12、欧盟委员会当地时间20日发布新的能源效率指令，该指令将于20天后生效。
13、国际原油期货结算价跌约1%。WTI原油10月合约跌1.01%，布伦特原油11月合约跌0.95%。
14、英国将禁售汽柴油新车的时间推迟五年至2035年。
15、谷歌称，从10月1日起，所有谷歌云网络标准层的新老客户每月都有资格获得200GB的免费互联网数据传输。
16、《权游》原著作者等多名作家起诉OpenAI侵犯版权。
17、COMEX 12月黄金期货结算价收涨0.68%，COMEX 12月白银期货结算价收涨1.62%。
18、周三美联储隔夜逆回购协议使用规模为1.487万亿美元。",06:31:16,2023-09-21,,
鲁大师：控股股东减持3434万股 占已发行总数的12.7%,【鲁大师：控股股东减持3434万股 占已发行总数的12.7%】财联社9月21日电，鲁大师在港交所公告称，经作出适当查询后，董事会获本公司主要股东诚盛有限公司告知，诚盛今日于公开市场自愿出售3434.3万股股份，占本公告日期已发行股份总数约12.77%。公司预期出售事项将不会对本公司之业务营运及管理层组成产生任何重大影响。鲁大师20日收跌超47%，股价1港元。,06:27:46,2023-09-21,鲁大师,
中远集团控股：媒体关于袁荣辉收购公司17.248亿股的报道失实,【中远集团控股：媒体关于袁荣辉收购公司17.248亿股的报道失实】财联社9月21日电，中远集团控股联交所公告，本公司注意到，有媒体报道提及袁荣辉先生于9月13日以每股1.00港元的代价收购本公司17.248亿股每股0.01港元的股份，而该报道内容有失准确且失实。经与袁先生及徐柯先生作进一步澄清后，本公司谨此澄清，袁先生并非直接收购股份，而是于9月13日以每股1.00港元的现金代价（即合共10港元）向徐先生收购龙盛集团有限公司的十(10)股股份（相当于龙盛的全部已发行股本）。龙盛为一间有限责任公司，持有17.248亿股股份（相当于本公司已发行股本的约10.29%）。,06:22:42,2023-09-21,中远集团控股,
日本首相岸田文雄：下周将宣布应对通胀和人口下降的措施,【日本首相岸田文雄：下周将宣布应对通胀和人口下降的措施】财联社9月21日电，日本首相岸田文雄表示，将侧重于结构性涨薪和投资；日本经济目前仍未完全稳定；下周将宣布的经济措施中将包括应对通胀的措施以及应对人口下降的社会措施。,06:15:49,2023-09-21,日本首相岸田,
我国海事系统大型海道测量船“海巡08”轮今将列编,【我国海事系统大型海道测量船“海巡08”轮今将列编】财联社9月21日电，交通运输部海事局大型海道测量船“海巡08”轮今天（21日）在上海正式列编交通运输部东海航海保障中心。这标志着海事系统目前规模最大、装备最先进、综合能力最强的大型专业测量船正式投入使用。,06:14:08,2023-09-21,,
中央气象台9月21日06时继续发布大风黄色预警,【中央气象台9月21日06时继续发布大风黄色预警】财联社9月21日电，中央气象台9月21日06时继续发布大风黄色预警：预计，9月21日08时至22日08时，新疆东部、西藏西部、青海西部、甘肃西部等地部分地区将有5～6级、阵风7级的风；黄海中东部和东南部海域将有7~8级、阵风9～10级的大风，其中部分海域风力可达9级、阵风10～11级。,06:04:47,2023-09-21,,
,财联社9月21日电，美国总统拜登表示，未来几天将宣布有关应对气候变化的消息。,05:49:52,2023-09-21,,
巴西央行降息50个基点,【巴西央行降息50个基点】财联社9月21日电，巴西央行降息50个基点，将基准利率从13.25%降至12.75%，符合预期。巴西央行称，关键利率决定获得央行官员们一致同意，预计下次政策会议将实施同样幅度的降息。该央行将2023年、2024年和2025年CPI预期分别上调至5.0%、3.5%和3.1%。,05:39:11,2023-09-21,,
机构人士：随着改革措施多管齐下 北交所的投资价值正逐渐显现,【机构人士：随着改革措施多管齐下 北交所的投资价值正逐渐显现】财联社9月21日电，北交所上市公司迎来机构密集调研。据统计，截至19日，9月以来已有28家北交所上市公司获得机构调研，而8月同期获调研的公司仅有10家，调研数量环比增加了近两倍。机构调研的关注点主要聚焦于北交所政策变化对于公司的业务影响上，更有机构投资者直接提问“公司是否有转板计划”。机构人士认为，随着改革措施多管齐下，北交所的投资价值正逐渐显现。通过改革，预计北交所个人投资者规模或显著增长，市场整体流动性将有较大提升；同时，北证50指数中低估值企业、高成长专精特新“小巨人”企业及有转板预期的北交所公司，或蕴含新一轮重估机会。 (上证报),05:23:46,2023-09-21,机构人士,
,财联社9月21日电，巴拉圭央行将关键利率从8.25%下调25个基点至8.0%。,05:19:37,2023-09-21,,
离岸人民币兑美元较周二纽约尾盘跌38点,【离岸人民币兑美元较周二纽约尾盘跌38点】财联社9月21日电，离岸人民币（CNH）兑美元北京时间04:59报7.3074元，较周二纽约尾盘跌38点，盘中整体交投于7.2885-7.3159元区间。,05:17:55,2023-09-21,,
业内人士：经过前期调整 光伏、半导体、消费电子、人工智能等领域的优质企业迎来布局良机,【业内人士：经过前期调整 光伏、半导体、消费电子、人工智能等领域的优质企业迎来布局良机】财联社9月21日电，9月以来市场维持震荡态势，但百亿级私募却积极做多。私募排排网最新数据显示，截至9月8日，百亿级私募仓位指数超85%，创今年以来新高，满仓（仓位＞80%）的百亿级私募占比超过六成。从投资方向来看，低估值成长股备受青睐。上市公司不定期披露信息显示，部分百亿级私募三季度加仓了光伏、计算机等领域的低估值标的。业内人士表示，经过前期调整，光伏、半导体、消费电子、人工智能等领域的优质企业迎来布局良机。 (上证报),05:05:25,2023-09-21,业内人士,
2023年气候雄心峰会举行 古特雷斯呼吁各国在气候变化方面加快行动,【2023年气候雄心峰会举行 古特雷斯呼吁各国在气候变化方面加快行动】财联社9月21日电，2023年气候雄心峰会于当地时间9月20日在联合国总部举行，时值第78届联合国大会高级别会议周。联合国秘书长古特雷斯在会上的发言中再次敦促各成员国在气候变化方面加快节奏，将计划转为行动。古特雷斯在发言中指出，在气候变化方面，现在的重点是气候解决方案。他表示，高温、洪水等极端天气事件给人类带来严重的灾难。如果不作出任何改变，全球气温将上升2.8摄氏度，世界将走向危险和不稳定。这就需要全球领导人在减少碳排放、从化石燃料向可再生能源转变、气候正义、推动全球金融体系支持气候行动方面采取切实行动。,04:55:33,2023-09-21,,
波兰总理称将不再向乌克兰提供武器,【波兰总理称将不再向乌克兰提供武器】财联社9月21日电，波兰总理莫拉维茨基当地时间20日表示，将不再向乌克兰提供武器。莫拉维茨基在接受当地媒体采访被问及是否将继续在军事上支持乌克兰时做出了上述表态。,04:50:27,2023-09-21,,
Nick Timiraos：仍有多名美联储官员一直不愿表明结束加息,【Nick Timiraos：仍有多名美联储官员一直不愿表明结束加息】财联社9月21日电，“美联储传声筒”Nick Timiraos在美联储公布利率决议后发文指出，仍有多名美联储官员一直不愿表明结束加息。官员担心，更为强劲的经济活动以及石油和货运价格的上涨可能导致最近的通胀下降停滞甚至逆转，从而需要上调利率。他们担心，在未来几个月结束加息后，才发现自己做得还不够。如果金融市场得出通胀和利率已经趋平的结论，结果却发现情况恰恰相反，那么这种局面可能尤其具有破坏性。,04:46:39,2023-09-21,Nick T,
亚美尼亚称阿塞拜疆炮击亚方阵地 阿方称消息不实,【亚美尼亚称阿塞拜疆炮击亚方阵地 阿方称消息不实】财联社9月21日电，亚美尼亚国防部当地时间20日发布消息称，阿塞拜疆部队于当天22时50分左右炮击了亚美尼亚武装部队位于索特克方向的阵地。阿塞拜疆国防部对此回应称，亚美尼亚国防部发布的消息不实。 (央视新闻),04:37:50,2023-09-21,,
,财联社9月21日电，现货黄金抹去涨幅，较日高回落17美元，现报1931.5美元/盎司。,04:27:06,2023-09-21,,
联邦快递第一财季营收略低于预期 但上调全年调整后每股收益预期,【联邦快递第一财季营收略低于预期 但上调全年调整后每股收益预期】财联社9月21日电， 联邦快递第一财季营收217亿美元，分析师预期218.4亿美元；第一财季调整后运营利润15.9亿美元，分析师预期13.4亿美元；预计全年调整后每股收益为17.00-18.50美元，公司原本预计16.50-18.50美元；预计全年营收将持平于上年；维持全年资本开支预期在57亿美元不变，分析师预期57.2亿美元；预计将在2024财年追加15亿美元股票回购。,04:09:53,2023-09-21,,
热门中概股多数下跌 小鹏汽车跌超6%,【热门中概股多数下跌 小鹏汽车跌超6%】财联社9月21日电，热门中概股多数下跌，纳斯达克中国金龙指数跌0.90%。小鹏汽车跌超6%，拼多多跌超3%，网易、爱奇艺、满帮跌超2%，唯品会、腾讯音乐、阿里巴巴、哔哩哔哩、百度跌超1%，京东、微博小幅下跌。蔚来涨超3%，富途控股涨超1%，理想汽车小幅上涨。,04:01:19,2023-09-21,,
美股三大指数集体收跌 Instacart上市次日盘中破发,【美股三大指数集体收跌 Instacart上市次日盘中破发】财联社9月21日电，美联储暂停加息，符合市场预期。美股三大指数集体收跌。纳指跌1.53%，标普500指数跌0.94%，道指跌0.22%。线上食品杂货配送公司Instacart跌超10%，盘中一度跌穿30美元的美国IPO发行价。大型科技股普跌，谷歌跌超3%，奈飞、微软、英伟达、苹果等跌逾2%，亚马逊、Meta、特斯拉跌超1%。波士顿营销自动化平台科技供应商Klaviyo美国IPO首日涨超9%。,04:00:35,2023-09-21,,
,财联社9月21日电，据国际文传电讯社，俄罗斯可能会征收与卢布汇率挂钩的新出口税。,03:58:51,2023-09-21,,
,财联社9月21日电，利率互换价格显示出更高的美联储峰值利率，2024年1月份达到5.49%。,03:55:48,2023-09-21,,
国内金价迭创新高 上游矿企忙“淘金”、下游拓店抢市场,【国内金价迭创新高 上游矿企忙“淘金”、下游拓店抢市场】财联社9月21日电，9月以来，国内黄金价格涨势明显，沪金不断刷新历史最高点。9月15日，上海期货交易所沪金主连合约盘中一度达到480.26元/克，创2008年上市以来新高。截至目前，沪金主连合约年内累计涨幅近15%。伴随着国内金价持续走高，上游矿端的多家黄金企业纷纷扩能增储，干劲十足。国内“购金热”下，众多黄金饰品企业也加快了并购及扩店速度，积极抢占市场。“下半年是黄金珠宝行业的销售旺季，公司对产品销售充满信心。”中国黄金日前在接受机构调研时表示，将紧抓黄金珠宝销售热点时期，加大渠道建设及产品研发力度，全力以赴拓展新店，提升品牌形象及市场占有率。 (上证报),03:53:37,2023-09-21,,
美银CFO称消费者持续支出决定了美国难以陷入衰退,【美银CFO称消费者持续支出决定了美国难以陷入衰退】财联社9月21日电，美国银行首席财务官表示，在消费者支出强劲的情况下，美国陷入衰退的可能正变得越来越低。“在消费者支出同比增长4%的时候是很难看到美国衰退的，” Alastair Borthwick在美银周三主办的一个年会上说，“共识会认为非常小的衰退，被赶走了。”Borthwick表示，美国消费者仍在花钱购买商品和旅游，信用卡和借记卡付款都维持在高位。与此同时，消费资产质量仍然“非常强劲”。“,03:48:37,2023-09-21,,
“新债王”冈拉克：在加息问题上观望是正确的决定,【“新债王”冈拉克：在加息问题上观望是正确的决定】财联社9月21日电，“新债王”冈拉克表示，这是现阶段美联储最好的利率决定之一；在我看来，在加息问题上观望是正确的决定；经济在接下来的4-6个月内可能会迅速放缓；当前，短期美国国债相当具有吸引力；债券的下一轮上涨不会持续太长时间；2024年上半年可能降息。,03:33:08,2023-09-21,“新债王”冈,
,财联社9月21日电，美股尾盘持续下跌，纳指跌超1%，标普500指数跌0.65%，道指涨幅缩窄至0.05%。,03:33:00,2023-09-21,,
美联储FOMC声明及主席鲍威尔新闻发布会要点总结：暂停加息 上调美国GDP增长预期,"【美联储FOMC声明及主席鲍威尔新闻发布会要点总结：暂停加息 上调美国GDP增长预期】
一、利率方面：
①美联储将联邦基金利率目标维持在5.25%至5.50%的区间不变。
②美联储主席鲍威尔表示，如果合适，准备进一步提高利率；将会逐次会议做出决策。
③FOMC声明显示，12位官员预计今年还会加息一次，7位官员预计维持不变。
④美联储掉期显示交易员将首次降息推迟到明年九月份。
⑤FOMC声明显示，将隔夜逆回购利率维持在5.30%不变。
⑥美联储主席鲍威尔表示，美联储在今年最后两次会议上做出的决策将取决于全部数据的综合情况；从未打算就任何降息的时间发出信号，在适当的时候会有降息的时机。
⑦美联储点阵图显示，预计2023年年底的联邦基金利率为5.6%，预计2024年年底的联邦基金利率为5.1%。
⑧美联储主席鲍威尔表示，美联储并未就利率是否具有足够限制性做出决策。
⑨美联储主席鲍威尔表示，强劲的经济活动是需要采取更多利率措施的主要原因；中性利率可能已经上升，中性利率可能高于长期利率。
⑩美联储主席鲍威尔表示，加息导致经济衰退“始终是一个担忧”。
二、美国经济：
①FOMC经济预期显示，上调美国2023年GDP增长预期至2.1%，上调美国2024年GDP增长预期至1.5%。
②FOMC经济预期显示，2023至2025年底核心PCE通胀预期中值分别为3.7%、2.6%、2.3%。
③FOMC经济预期显示，2023至2025年底失业率预期中值分别为3.8%、4.1%、4.1%。
④FOMC声明显示，经济活动增长稳健，重申信贷收紧可能会打压经济活动。
⑤美联储主席鲍威尔表示，美国实际GDP增长超出预期，GDP增长受到强劲的消费支出推动。
⑥美联储主席鲍威尔表示，美联储预计8月份核心PCE将同比上涨3.9%。
⑦美联储主席鲍威尔表示，降低通胀的前提是GDP增速一段时期内低于趋势水平。
⑧美联储主席鲍威尔表示，不会将软着陆称为基线预期，软着陆是有可能实现的，必须谨慎行事；软着陆是FOMC的主要目标。
⑨美联储主席鲍威尔表示，如果经济表现比预期更强劲，这意味着美联储将不得不采取更多措施来降低通胀。
⑩美联储主席鲍威尔表示，FOMC坚决致力于将通胀率降到2%。
三、金融市场：
①FOMC声明显示，美联储将继续保持国债和抵押贷款支持证券的减持速度不变。
②FOMC声明显示，美国银行体系稳健且具有弹性。
③美联储主席鲍威尔表示，紧缩政策的效果尚未完全显现，当前的货币政策立场具有限制性。
④美联储主席鲍威尔表示，长期收益率的上升主要与通胀预期无关，更多的是与经济增长和国债供应有关。
四、其他方面：
①美联储主席鲍威尔表示，政府停摆通常对宏观经济影响不大。
②美联储主席鲍威尔表示，FOMC绝对不会就汽车工人罢工表态。
③美联储主席鲍威尔表示，持续的高能源价格将影响通胀预期。
④美联储主席鲍威尔表示，倾向于忽略能源价格的短期波动，能源价格对经济走势没有太大的指示作用。
⑤美联储主席鲍威尔表示，住房供应受结构性限制。
⑥美联储主席鲍威尔表示，家庭和企业资产负债表比预期更强劲。",03:28:35,2023-09-21,美联储FOM,
,财联社9月21日电，美联储主席鲍威尔表示，中性利率可能更高，但我们还没有答案。,03:23:24,2023-09-21,,
美联储主席鲍威尔：如果经济强于预期 将采取更多措施来降低通胀,【美联储主席鲍威尔：如果经济强于预期 将采取更多措施来降低通胀】财联社9月21日电，美联储主席鲍威尔表示，任何有关未来降息的决定都将取决于经济的需求；如果经济强于预期，则意味着我们将不得不采取更多措施来降低通胀；加息导致经济衰退“总是一大担忧”。,03:17:36,2023-09-21,美联储主席鲍,
美联储主席鲍威尔：FOMC倾向于忽略短期能源价格波动,【美联储主席鲍威尔：FOMC倾向于忽略短期能源价格波动】财联社9月21日电，美联储主席鲍威尔表示，如果能源价格上涨并保持高位将影响支出，可能会影响通胀预期；FOMC倾向于忽略短期能源价格波动。,03:13:57,2023-09-21,美联储主席鲍,
美联储主席鲍威尔：FOMC已经在加息问题上走得非常远,【美联储主席鲍威尔：FOMC已经在加息问题上走得非常远】财联社9月21日电， 美联储鲍主席威尔表示，FOMC已经在加息问题上走得非常远；随着我们接近适宜的政策立场，风险变得更双向；紧缩过头和紧缩不足的风险“变得更加均衡”。,03:09:34,2023-09-21,美联储主席鲍,
在岸人民币兑美元较上一交易日夜盘收盘涨80点,【在岸人民币兑美元较上一交易日夜盘收盘涨80点】财联社9月21日电，在岸人民币兑美元北京时间03:00收报7.2890，较上一交易日夜盘收盘涨80点。成交量203.18亿美元。,03:07:57,2023-09-21,,
美联储主席鲍威尔：软着陆是FOMC的主要目标,【美联储主席鲍威尔：软着陆是FOMC的主要目标】财联社9月21日电，美联储主席鲍威尔表示，软着陆是FOMC的主要目标；经济似乎有强劲动力，但确实也面临着一系列风险。,03:04:08,2023-09-21,美联储主席鲍,
美联储主席鲍威尔：UAW罢工可能会影响产出、招聘和通胀,【美联储主席鲍威尔：UAW罢工可能会影响产出、招聘和通胀】财联社9月21日电，美联储主席鲍威尔表示，UAW罢工、政府关闭、恢复学生贷款支付、长期利率上升等都构成风险；UAW罢工可能会影响产出、招聘和通胀，取决于罢工持续时间；政府关门传统上不会产生太大的宏观影响。,03:03:44,2023-09-21,美联储主席鲍,
美联储主席鲍威尔：能源价格持续高位会影响通胀预期,【美联储主席鲍威尔：能源价格持续高位会影响通胀预期】财联社9月21日电，美联储主席鲍威尔表示，消费支出强劲在推动GDP增长；问题是GDP的热度是否会对2％的通胀构成威胁；能源价格持续高位会影响通胀预期；已经看到劳动力市场在再平衡，通胀在放缓；最近三个通胀数据“非常好”。,03:01:22,2023-09-21,美联储主席鲍,
,财联社9月21日电，阿根廷二季度失业率6.2%。,03:01:21,2023-09-21,,
美联储主席鲍威尔：无意发出任何降息时机的信号,【美联储主席鲍威尔：无意发出任何降息时机的信号】财联社9月21日电，美联储主席鲍威尔表示，我无意发出任何降息时机的信号，时机成熟了就会降息；降息决定的部分原因可能是实际利率上升，因为通胀正在下降。,02:58:49,2023-09-21,美联储主席鲍,
充分运用债务融资工具 券商今年以来发债融资已超1万亿元,【充分运用债务融资工具 券商今年以来发债融资已超1万亿元】财联社9月21日电，今年以来，在证券行业再融资放缓的趋势下，券商充分运用债务融资工具，通过发行普通公司债、次级债、短期融资券，已累计募资超万亿元。今年初，证监会倡导券商“聚焦主责主业，树牢合规风控意识，坚持稳健经营，走资本节约型、高质量发展的新路，发挥好资本市场‘看门人’作用”；8月27日，证监会发布统筹一二级市场平衡，优化IPO、再融资监管安排中提到，“对于金融行业上市公司或者其他行业大市值上市公司的大额再融资，实施预沟通机制，关注融资必要性和发行时机。”由此，今年以来尚无券商再融资有关事项落地。不过，8月份，证监会明确了“活跃资本市场，提振投资者信心”的一揽子举措，其中就提到“优化证券公司风控指标计算标准，适当放宽对优质证券公司的资本约束，提升资本使用效率。” (证券日报),02:57:47,2023-09-21,,
,财联社9月21日电，沙特下调对印度出口石油的溢价。,02:56:36,2023-09-21,,
阿塞拜疆总统就纳卡地区局势发表讲话,【阿塞拜疆总统就纳卡地区局势发表讲话】财联社9月21日电，阿塞拜疆总统阿利耶夫当地时间20日就纳卡地区局势发表电视讲话。阿利耶夫说，阿塞拜疆一天之内在纳卡地区行动中实现了所有目标，恢复了主权。大部分未撤出的亚美尼亚非法武装被摧毁。纳卡地区残余的非法武装已开始撤出战斗阵地并上缴武器。阿利耶夫表示，他派出的代表将在与亚美尼亚族人代表的会晤中，向对方阐述相关的“共存计划”。亚美尼亚方面暂未对阿利耶夫的讲话作出回应。,02:53:43,2023-09-21,,
美联储主席鲍威尔：不会将软着陆视为基线预期,【美联储主席鲍威尔：不会将软着陆视为基线预期】财联社9月21日电，美联储主席鲍威尔表示，不会将软着陆视为基线预期；软着陆是有可能实现的，必须谨慎行事。,02:51:51,2023-09-21,美联储主席鲍,
,财联社9月21日电，美联储主席鲍威尔表示，中性利率高于长期利率似乎是合理的，目前中性利率可能较高。,02:50:02,2023-09-21,,
美联储主席鲍威尔：美联储估计8月份核心PCE同比上升3.9％,【美联储主席鲍威尔：美联储估计8月份核心PCE同比上升3.9％】财联社9月21日电，美联储主席鲍威尔表示，美联储估计8月份核心PCE同比上升3.9％；降低通胀的前提是GDP增速一段时期内低于趋势水平。,02:47:21,2023-09-21,美联储主席鲍,
美联储主席鲍威尔：多数决策者认为再次加息更有可能是合适的,【美联储主席鲍威尔：多数决策者认为再次加息更有可能是合适的】财联社9月21日电，美联储主席鲍威尔表示，大多数政策制定者认为再次加息更有可能是合适的；我们还没有就利率是否有足够限制性做出决定；在我们准备好得出我们有足够限制性的结论之前需要看到更多进展；我们希望看到令人信服的证据，证明我们已经达到了适当的水平；我们相当接近我们认为需要达到的水平；经济活动更加强劲是需要采取更多利率措施的主要原因；实际利率需要在一段时间内保持正值。,02:46:05,2023-09-21,美联储主席鲍,
国际原油期货结算价跌约1%,【国际原油期货结算价跌约1%】财联社9月21日电，国际原油期货结算价跌约1%。WTI 10月原油期货结算价收跌0.92美元，跌幅1.01%，报90.28美元/桶。布伦特11月原油期货收跌0.90美元，跌幅0.95%，报93.53美元/桶。,02:45:04,2023-09-21,,
美联储主席鲍威尔：如果情势需要 准备进一步加息,【美联储主席鲍威尔：如果情势需要 准备进一步加息】财联社9月21日电，美联储主席鲍威尔表示，如果情势需要，准备进一步加息；美联储预测不是计划，政策将酌情调整；将逐次会议做出决定，谨慎行事；将保持限制性利率，直至有信心通胀将降至2%；按兵不动并不意味着我们已经达到了我们寻求的立场。,02:39:02,2023-09-21,美联储主席鲍,
美联储主席鲍威尔：距离通胀率降至2%目标还有很长道路要走,【美联储主席鲍威尔：距离通胀率降至2%目标还有很长道路要走】财联社9月21日电，美联储主席鲍威尔表示，长期通胀预期依然稳固；距离通胀率降至2%目标还有很长道路要走。,02:37:35,2023-09-21,美联储主席鲍,
美联储主席鲍威尔：劳动力市场依然吃紧 但供需较之前更为平衡,【美联储主席鲍威尔：劳动力市场依然吃紧 但供需较之前更为平衡】财联社9月21日电，美联储主席鲍威尔表示，劳动力市场依然吃紧，但供需较之前更为平衡；3.8％的失业率“仍然低”；实际GDP增长超出预期，消费者支出特别强劲，楼市活动有所回升，加息对企业投资构成压力。,02:36:16,2023-09-21,美联储主席鲍,
美联储主席鲍威尔：紧缩政策的效果尚未完全显现,【美联储主席鲍威尔：紧缩政策的效果尚未完全显现】财联社9月21日电，美联储主席鲍威尔表示，紧缩政策的效果尚未完全显现；我们的决定将基于对数据和风险的评估；美联储准备好在收紧利率方面谨慎行事；当前的货币政策立场具有限制性。,02:34:36,2023-09-21,美联储主席鲍,
,财联社9月21日电，美联储主席鲍威尔表示，FOMC坚决专注于完成双重使命；坚决致力于将通胀率降到2%。,02:31:23,2023-09-21,,
,财联社9月21日电，美联储公布利率决议后，加拿大2年期国债收益率涨至2001年7月以来的最高水平。,02:26:34,2023-09-21,,
三只中证2000指数基金上市交易 股票ETF规模今年已增长近4000亿元,【三只中证2000指数基金上市交易 股票ETF规模今年已增长近4000亿元】财联社9月21日电，易方达基金管理有限公、汇添富基金管理有限公司、国泰基金管理有限公司等3家基金管理人旗下的3只跟踪中证2000指数的ETF（交易型开放式指数证券投资基金）9月21日正式上市交易，这将进一步丰富宽基指数投资工具，为投资者提供更多选择。相比今年年初，截至9月18日，股票ETF规模今年已增长近4000亿元，远超往年水平，目前股票ETF规模合计达1.65万亿元。就往年数据来看，2019年至2021年，股票ETF每年规模增长均超2500亿元，2022年规模增长接近2000亿元。从资金具体布局来看，宽基指数相关产品的规模增量遥遥领先，并且呈现出“越跌越买”的现象。数据显示，今年ETF规模增量居前的指数为沪深300、科创板50和创业板指，在今年指数震荡回调的背景下，这3只指数相关ETF的规模分别增长了702亿元、589亿元和249亿元。 (证券日报),02:17:34,2023-09-21,,
美联储政策声明：经济活动增长稳健,【美联储政策声明：经济活动增长稳健】财联社9月21日电，美联储政策声明称，经济活动增长稳健；通胀率依然高企，高度关注相关风险；重申信贷收紧可能会打压经济活动；重申将把货币紧缩政策的滞后效应纳入考量；重申“将继续评估更多信息”；将继续保持国债和抵押贷款支持证券的减持速度不变。,02:14:04,2023-09-21,美联储政策声,
美联储上调2023年PCE通胀预期至3.3%,【美联储上调2023年PCE通胀预期至3.3%】财联社9月21日电，美联储上调2023年PCE通胀预期至3.3%，6月份料为3.2%；2024年PCE通胀预期2.5%，6月份料为2.5%；上调2025年PCE通胀预期至2.2%，6月份料为2.1%；预计2026年PCE通胀为2.0%；维持更长周期的PCE通胀预期在2.0%不变。,02:12:17,2023-09-21,,
美联储下调2023年失业率预期至3.8%,【美联储下调2023年失业率预期至3.8%】财联社9月21日电，美联储下调2023年失业率预期至3.8%，6月份料为4.1%；下调2024年失业率预期至4.1%，6月份料为4.5%；下调2025年失业率预期至4.1%，6月份料为4.5%；预计2026年美国失业率为4.0%；长期失业率预期为4.0%，6月份料为4.0%。,02:11:28,2023-09-21,,
,财联社9月21日电，利率互换合约反映2024年美联储降息可能性下降。,02:07:46,2023-09-21,,
,财联社9月21日电，美联储FOMC声明称，近几个月就业增长放缓，但整体仍然强劲；美联储利率声明中再次提到“进一步收紧政策的程度”。,02:06:10,2023-09-21,,
美联储上调美国2023年GDP增长预期至2.1%,【美联储上调美国2023年GDP增长预期至2.1%】财联社9月21日电，美联储上调美国2023年GDP增长预期至2.1%，6月料增1.0%；上调美国2024年GDP增长预期至1.5%，6月料增1.1%；维持美国2025年GDP增长预期在1.8%；预计2026年美国GDP增速为1.8%；长期美国GDP增速预期为1.8%。,02:05:48,2023-09-21,,
,财联社9月21日电， 美联储预计年底前还将有一次25个基点的加息。,02:03:36,2023-09-21,,
,财联社9月21日电，美国10年期国债收益率在美联储会议声明后飙升至4.357%；两年期国债收益率上升至5.131%，为2007年以来最高水平。,02:03:21,2023-09-21,,
美联储点阵图：2023年底联邦基金利率预期升至5.6%,【美联储点阵图：2023年底联邦基金利率预期升至5.6%】财联社9月21日电，美联储点阵图显示，预计2023年年底的联邦基金利率为5.6%，6月份料为5.6%；预计2024年年底的联邦基金利率为5.1%，6月份料为4.6%；预计2025年年底的联邦基金利率为3.9%，6月份料为3.4%；长期联邦基金利率预期为2.9%，6月份料为2.5%。,02:02:14,2023-09-21,美联储点阵图,
,财联社9月21日电，非美货币普跌，欧元兑美元短线下挫30点，英镑兑美元短线跌30点，美元兑日元短线拉升近40点。,02:02:08,2023-09-21,,
,财联社9月21日电，美联储FOMC声明称，12位官员预计今年还会加息一次，7位官员预计维持不变。,02:01:07,2023-09-21,,
美联储宣布暂停加息,【美联储宣布暂停加息】财联社9月21日电，美联储当地时间9月20日宣布放缓加息步伐，将联邦基金利率目标维持在5.25%至5.50%的区间不变。,02:00:21,2023-09-21,,
,财联社9月21日电，COMEX 12月黄金期货结算价收涨0.68%，报1967.1美元/盎司。COMEX 12月白银期货结算价收涨1.62%，报23.836美元/盎司。,01:52:14,2023-09-21,,
俄副总理：俄今年石油产量预计为5.27亿吨,【俄副总理：俄今年石油产量预计为5.27亿吨】财联社9月21日电，俄罗斯副总理诺瓦克20日说，今年俄罗斯石油产量预计为5.27亿吨，天然气产量预计达到6420亿立方米。诺瓦克当天在俄秋明州首府秋明市举行的工业和能源论坛上发表讲话说，2022年俄石油产量为5.35亿吨，较2021年增长2%。今年俄石油产量将略有减少，预计为5.27亿吨。今年俄石油供应将继续面向亚太地区国家。,01:46:03,2023-09-21,俄副总理,
,财联社9月21日电，通用汽车的Fairfax装配工厂因美国汽车工人联合会（UAW）的罢工行动而暂停运行。,01:38:47,2023-09-21,,
公募基金积极布局海外成绩亮眼 多只QDII年内收益率突破40%,【公募基金积极布局海外成绩亮眼 多只QDII年内收益率突破40%】财联社9月21日电，在A股持续震荡的背景下，主动权益基金短期业绩表现乏力，而境内投资者对境外优质资产配置需求与日俱增，公募基金瞄准境外市场投资机会，加快布局QDII（合格境内机构投资者）业务。与此同时，今年以来投资于海外资产的QDII基金业绩一骑绝尘，多只产品在一众基金中逆市上涨，年内最高收益率已超46%。具体来看，多只跟踪纳斯达克100指数的QDII基金业绩最为抢眼；而部分医药主题QDII基金、互联网科技主题QDII基金的业绩则表现不佳。数据显示，截至9月20日，今年以来全市场基金业绩排名（不同类型份额分开计算，下同）前50名中，有40只为QDII基金。单从QDII基金的业绩来看，在市场全部434只QDII基金中，今年以来收获正收益率的有248只，其中业绩排名靠前的QDII基金主要为跟踪信息技术、医疗保健等板块的纳斯达克100指数产品。这些基金今年以来最高收益率超过45%，远远跑赢今年以来股票型基金、混合型基金的平均收益率。 (证券日报),01:36:38,2023-09-21,,
加拿大央行会议纪要：担心维持利率不变会增加降息预期,【加拿大央行会议纪要：担心维持利率不变会增加降息预期】财联社9月21日电，加拿大央行会议纪要显示，加拿大央行担心维持利率不变会增加降息预期；当前薪资增速与维持物价稳定的目标不一致；加拿大央行在九月会议上没有讨论降息；正在观察核心通胀动能，以及CPI前景展望；在利率处于高位的状况下，过剩需求正在消退；仍需要保留进一步收紧政策的行动选项；供需平衡对于未来核心通胀以及整体通胀前景是关键因素。,01:31:05,2023-09-21,加拿大央行会,
四大快递龙头发布8月份成绩单 单票价格走低、行业竞争加剧,【四大快递龙头发布8月份成绩单 单票价格走低、行业竞争加剧】财联社9月21日电，顺丰控股、圆通速递、韵达股份和申通快递四家A股快递公司9月20日公布了8月份经营数据。综合来看，四家公司8月份业务量不断提升，但快递单票收入却均有下降，这也意味着快递行业竞争仍然激烈。对于快递单票价格是否会提升，招商证券曾在研报中分析称，当前快递单价基本触底，加盟商盈利情况较差导致行业自下而上提价动力增强，叠加旺季到来、大件占比有望提升，后续价格或迎来季节性修复。 (证券日报),01:27:56,2023-09-21,,
,财联社9月21日电，周三美联储隔夜逆回购协议（RRP）使用规模为1.487万亿美元。,01:17:11,2023-09-21,,
波兰总理：若分歧升级 或将对更多乌产品实施禁令,【波兰总理：若分歧升级 或将对更多乌产品实施禁令】财联社9月21日电，波兰总理莫拉维茨基当地时间20日表示，如果乌克兰方面使农产品分歧升级，波兰将对更多的乌克兰产品实施进口禁令。他强调，波兰愿意帮助乌克兰，但不会以破坏本国的市场稳定为代价。波兰将维持对乌克兰农产品的进口禁令，直至“建立合适的农业市场合作机制”。 (央视新闻),01:09:49,2023-09-21,波兰总理,
欧足联发布欧洲足球报告,【欧足联发布欧洲足球报告】财联社9月21日电，欧足联近日发布有关上赛季欧洲足坛的全景报告，报告主要内容是关注欧洲俱乐部的发展趋势、现状以及潜力等。报告称，上赛季总计有创纪录的2.09亿人在现场观看欧洲各类足球比赛，有14个国家和地区联赛的观赛人数达到近十年的最高，英格兰、法国和瑞士的联赛观众创历史新高。刚刚过去的夏季转会窗中，欧洲各俱乐部的转会费总计高达72亿欧元，超过2019年夏天的历史纪录，比去年更是增加了近四分之一，显示出欧洲俱乐部对未来的信心。,01:03:39,2023-09-21,,
9月份LPR“原地踏步” 专家预计未来仍有下调可能,【9月份LPR“原地踏步” 专家预计未来仍有下调可能】财联社9月21日电，9月份LPR（贷款市场报价利率）9月20日出炉。中国人民银行授权全国银行间同业拆借中心公布，1年期LPR为3.45%，5年期以上LPR为4.2%。两个品种LPR均“原地踏步”，符合市场预期。9月15日，央行开展5910亿元MLF（中期借贷便利）操作，操作利率维持2.5%不变。9月份MLF操作利率不变，意味着当月LPR报价的定价基础未发生变化。中信证券首席经济学家明明认为，考虑到银行调降存量按揭贷款利率将对利息收入产生较大的冲击，若此时下调LPR，将增大“统筹考虑增量、存量及其他金融产品价格关系”的难度。此外，8月份央行等三部门联合召开金融支持实体经济和防范化解金融风险电视会议，提出“统筹协调金融支持地方债务风险化解工作，丰富防范化解债务风险的工具和手段”。在化解地方债务风险具体工具和手段落地之前，或需将银行息差保持在一定水平。 (证券日报),00:57:31,2023-09-21,,
,财联社9月21日电，波士顿营销自动化平台科技供应商Klaviyo美国IPO首日开盘涨22.5%，报36.75美元，此前给出的IPO发行价为每股30美元。,00:46:32,2023-09-21,,
个人养老金投资产品日渐丰富 理财类有待加速扩容,【个人养老金投资产品日渐丰富 理财类有待加速扩容】财联社9月21日电，个人养老金制度实施近10个月以来，四类投资产品（储蓄类产品、基金类、保险类、理财类）日渐丰富，不过，个人养老金理财类产品相较其他三类产品，扩容速度较慢。截至9月20日，个人养老金理财产品仅有19只。 对此，普益标准研究员王杰分析，个人养老金制度下，个人养老金理财产品在产品设计、资产配置、运作管理等方面均面临一定的难度和限制，理财公司发行该类产品相对谨慎。整体来看，个人养老金理财产品仍处于探索和尝试阶段，相比于其他类型的个人养老金产品尚未形成差异化竞争优势，对投资者的吸引力亦不及预期。 (证券日报),00:39:08,2023-09-21,,
,财联社9月21日电，美国众议院议长麦卡锡表示，不能保证明天会通过权宜开支法案。,00:21:07,2023-09-21,,
沙特年内最大IPO：石油开采公司ADES 12亿美元IPO获得765亿美元认购,【沙特年内最大IPO：石油开采公司ADES 12亿美元IPO获得765亿美元认购】财联社9月21日电，沙特石油钻探公司ADES Holding Co.沙特IPO获得2869亿沙特里亚尔（折合765亿美元）认购金额——超额认购倍数大约为63倍，该公司希望通过首次公开发行股票募资12亿美元，这将是沙特2023年迄今第一大IPO。根据9月20日公告，该公司将IPO发行价定在每股13.50里亚尔，位于发行价指导区间的顶端，意味着公司估值为41亿美元。与此同时，Lumi Rental Co.也在9月份IPO中获得大约270亿美元认购。这可能会改善沙俄政府推进沙特阿美增发股票的信心。,00:17:04,2023-09-21,沙特年内最大,
美国SEC主席：政府关门将严重影响SEC对市场的监管,【美国SEC主席：政府关门将严重影响SEC对市场的监管】财联社9月21日电，美国证券交易委员会(SEC)主席表示，美国政府停摆将影响到SEC对市场的监管。SEC主席Gary Gensler在接受采访时表示，由于联邦政府可能在本月底关门，SEC的监管活动将受到严重限制，可能无法履行一些基本职能。Gensler指出，联邦政府关门意味着保持正常的市场监管是不可能的。,00:15:01,2023-09-21,美国SEC主,
,财联社9月21日电，谷歌称，从10月1日起，所有谷歌云网络标准层的新老客户每月都有资格获得200GB的免费互联网数据传输。,00:09:07,2023-09-21,,
Cathie Wood：美联储可能2024年开始降息 利率下降时主题投资将复苏,【Cathie Wood：美联储可能2024年开始降息 利率下降时主题投资将复苏】财联社9月21日电，ARK Investment Management创始人Cathie Wood表示，美联储降息时，投资者将涌入热门主题型基金。Wood正在通过新的收购加大对创新投资策略的押注。Wood表示，美联储可能2024年开始降息，这会利好她多年来偏好的策略类型。“我认为我们处于大幅加息的另一边，加息确实令业绩很受伤，”Wood周三向表示，“这是最重要的事情。我们已经准备好迎接黄金时段。”,00:07:24,2023-09-21,Cathie,
《权游》原著作者等多名作家起诉OpenAI侵犯版权,【《权游》原著作者等多名作家起诉OpenAI侵犯版权】财联社9月20日电，《权力的游戏》原著作者乔治·马丁等多名作家起诉OpenAI侵犯版权。此前已有作家对生成式人工智能公司使用他们的书来训练人工智能模型采取法律行动。据悉，美国作家协会和乔纳森·弗兰岑、约翰·格里沙姆、乔治·马丁等17位知名作家在纽约南区提起诉讼。原告希望将该诉讼归类为集体诉讼。根据诉状，OpenAI“在未经许可或考虑的情况下批量复制原告的作品”，并将受版权保护的材料输入大型语言模型。 (The Verge),00:04:57,2023-09-21,,
,财联社9月21日电，俄罗斯8月PPI环比上升4.4%，同比上升10.6%。,00:01:02,2023-09-21,,
乌克兰外交部发言人：已向波兰提出解决粮食问题的建设性方案,【乌克兰外交部发言人：已向波兰提出解决粮食问题的建设性方案】财联社9月20日电，据乌克兰国家通讯社20日报道，乌克兰外交部发言人尼科连科表示，乌克兰外交部已获悉乌克兰驻波兰大使与波兰副外长会晤的详细情况，在这次会晤中，乌克兰驻波大使再次解释了乌克兰对波兰单方面禁止进口乌克兰粮食的不可接受性的立场。尼科连科表示，乌克兰方面已经向波兰提出了解决粮食问题的建设性方案，期待乌克兰给予的建议成为推动对话的开端。,23:56:21,2023-09-20,乌克兰外交部,
重庆调整个人住房房产税政策：“三无”人员新购第二套（含第二套）以上征税,【重庆调整个人住房房产税政策：“三无”人员新购第二套（含第二套）以上征税】财联社9月20日电，重庆市人民政府9月20日发布关于修改《重庆市关于开展对部分个人住房征收房产税改革试点的暂行办法》和《重庆市个人住房房产税征收管理实施细则》的决定。将征收对象中“在重庆市同时无户籍、无企业、无工作的个人新购的首套及以上的普通住房”修改为“在重庆市同时无户籍、无企业、无工作的个人新购的第二套（含第二套）以上的普通住房”。同时将纳税期限由每年的10月1至31日调整为每年的10月1日至12月31日，并调整了相关部门和区域名称。,23:51:12,2023-09-20,重庆调整个人,
英国将禁售汽柴油新车的时间推迟五年至2035年,【英国将禁售汽柴油新车的时间推迟五年至2035年】财联社9月21日电，英国首相里希·苏纳克提出应对气候变化的所谓“新方法”，淡化了自己绿色议程的关键部分，包括将禁售汽油和柴油动力新车的时间推迟5年至2035年。“至少现在应该由你们，也就是消费者自己做出选择，而不是政府强迫你们这样做，” 苏纳克周三在唐宁街发表讲话时表示，在成本下降推动下，预计到2030年前即使没有政府干预在英国销售的绝大多数汽车都将是电动型。苏纳克表示，他仍然致力于在2050年实现净零排放，但称英国应该以 “更恰当的方式”实现这一目标，让面临生活成本压力的选民得到补贴。,23:48:48,2023-09-20,,
,财联社9月20日电，俄罗斯副总理诺瓦克表示，俄罗斯将在年底前将石油出口量从五月至六月的平均水平减少30万桶/日。,23:43:52,2023-09-20,,
欧洲主要股指集体收涨 德国DAX30指数涨0.75%,【欧洲主要股指集体收涨 德国DAX30指数涨0.75%】财联社9月20日电，欧洲主要股指集体收涨，德国DAX30指数涨0.75%，英国富时100指数涨0.95%，法国CAC40指数涨0.67%，欧洲斯托克50指数涨0.81%。,23:43:33,2023-09-20,,
10年来自贸试验区累计向全国复制推广302项制度创新成果,【10年来自贸试验区累计向全国复制推广302项制度创新成果】财联社9月20日电，商务部副部长郭婷婷20日表示，10年来，党中央先后部署设立了21个自由贸易试验区，以不到千分之四的国土面积，贡献了全国18%的外商投资和进出口总额，累计向全国复制推广302项制度创新成果，成为了新时代改革开放新高地。,23:40:43,2023-09-20,,
博俊科技：部分一体化压铸产品近期已完成试模及制样,【博俊科技：部分一体化压铸产品近期已完成试模及制样】财联社9月20日电，博俊科技近期在接受调研时表示，部分一体化压铸产品近期已完成试模及制样，预计将于明年四季度开始量产。公司目前电池包托盘、壳体主要为冲压、焊接工艺生产，相关工艺已经比较成熟。未来，公司将依据市场需求确定是否用一体化压铸实现。,23:36:40,2023-09-20,博俊科技,300926.SZ
豪迈科技：提供大型压铸机零部件业务,【豪迈科技：提供大型压铸机零部件业务】财联社9月20日电，豪迈科技在投资者互动平台表示，公司有给客户提供大型压铸机的零部件业务，当前业务量较小。,23:33:27,2023-09-20,豪迈科技,002595.SZ
,财联社9月20日电，美国证券交易委员会（SEC）投票，以4-1票批准实施新版基金命名制度。,23:32:59,2023-09-20,,
九联科技：基于星闪技术的组网产品目前正在样机阶段,【九联科技：基于星闪技术的组网产品目前正在样机阶段】财联社9月20日电，九联科技在投资者互动平台表示，公司基于星闪技术的组网产品目前正在样机阶段。,23:32:02,2023-09-20,九联科技,688609.SH
ST三圣：下属医药子公司有生产减肥药中间体,【ST三圣：下属医药子公司有生产减肥药中间体】财联社9月20日电，ST三圣在投资者互动平台表示，公司下属医药子公司有生产减肥药中间体。,23:30:51,2023-09-20,ST三圣,002742.SZ
金凯生科：公司与礼来、诺和诺德均有长期业务关系,【金凯生科：公司与礼来、诺和诺德均有长期业务关系】财联社9月20日电，金凯生科近期在接受调研时表示，年产190吨高端医药产品项目是公司的募投项目，目前尚未达产。公司与礼来、诺和诺德均有长期业务关系，合作关系稳定。,23:27:42,2023-09-20,金凯生科,301509.SZ
,财联社9月20日电，欧洲汽车生产商斯特兰蒂斯(Stellantis)宣布在美国俄亥俄州Toledo工厂裁员68人。,23:26:11,2023-09-20,,
俄罗斯总统普京会见王毅,"【俄罗斯总统普京会见王毅】当地时间2023年9月20日，俄罗斯总统普京在圣彼得堡会见中共中央政治局委员、中央外办主任王毅。

普京请王毅转达对习近平主席的诚挚问候，表示今年3月，习近平主席对俄罗斯进行具有划时代意义的访问，取得圆满成功，体现了俄中全面战略协作伙伴关系的高水平。自那以来，双方达成的重要共识正在逐一落实，两国经贸、人文、体育等各领域交流合作取得积极成果。今年以来，俄罗斯已克服美西方单边制裁冲击，经济开始恢复增长，各种机能正常运转，我们期待同中方加强规划，深化务实合作。俄方高度赞赏并积极支持共建“一带一路”倡议，反对对倡议的歪曲抹黑，愿加强欧亚经济联盟同倡议对接，推进地区一体化进程。

普京说，当前国际局势演变充分印证了习近平主席对百年未有大变局的战略判断。在俄中等各方共同努力下，金砖国家今年成功扩员，推动金砖合作迈上新台阶。俄方愿同中方在上海合作组织、金砖机制等多边框架下保持密切协调，抵制单极霸权和阵营对抗，维护国际公平正义。

王毅转达了习近平主席对普京总统的亲切问候，表示两国元首今年成功会晤，共同擘画了新时代中俄全面战略协作伙伴关系新的蓝图，为推动双边关系深入发展指明了前进方向、注入了强劲动力。这次访俄期间，我同帕特鲁舍夫安秘和拉夫罗夫外长全面梳理了两国各领域合作，愿同俄方一道，以两国元首重要共识为根本遵循，增进战略互信，深化务实合作，进一步夯实中俄友好的民意和社会基础。

王毅说，习近平主席强调世界进入百年未有之大变局。面对变乱交织的国际局势，世界多极化加速演进，经济全球化逆势前行，单边行径不可持续，霸权主义不得人心。中俄作为联合国安理会常任理事国，对推动世界发展进步负有重要责任。双方要加强多边战略协作，维护两国正当权益，为推动国际秩序朝着公正合理方向发展作出新的努力。

双方还就当前国际和地区形势交换了意见。在乌克兰问题上，普京重申俄方愿通过对话谈判解决问题。

访俄期间，王毅还与俄方共同主持中俄第十八轮战略安全磋商，举行中俄蒙安全事务高级代表会晤，并分别会见俄罗斯外长拉夫罗夫、蒙古国家安全委员会秘书长恩赫巴亚尔。",23:25:53,2023-09-20,,
德国工业界人士：能源价格高企令德国遭遇“去工业化”风险,【德国工业界人士：能源价格高企令德国遭遇“去工业化”风险】财联社9月20日电，德国第二大化工公司——赢创工业集团首席执行官克里斯蒂安·库尔曼近日在接受媒体采访时表示，近几年德国能源价格高企，让德国面临着“去工业化”的风险。俄乌冲突爆发以来，欧盟追随美国对俄罗斯天然气和石油产品实施禁运或限价，引发能源供应紧张、通胀加剧等一连串反噬效应。同时，美国借机向欧洲出口高价天然气，进一步抬高了欧洲的能源成本。一段时间以来，能源危机传导至制造业领域，对德国的能源密集型产业造成了巨大冲击。,23:25:22,2023-09-20,德国工业界人,
欧盟发布新的能源效率指令,【欧盟发布新的能源效率指令】财联社9月20日电，欧盟委员会当地时间20日发布新的能源效率指令，该指令将于20天后生效。指令包括，到2030年将欧盟最终能源消耗减少11.7%，提高能源效率并进一步减少对化石燃料的依赖等。欧盟能源效率措施侧重于推动政策领域改革，并在欧盟成员国推动统一政策，在工业、公共部门、建筑、能源供应部门引入统一的能源标签系统。,23:23:17,2023-09-20,,
华为发布《数据中心2030》报告,【华为发布《数据中心2030》报告】财联社9月20日电，据华为官网，9月20日，在华为全联接大会2023期间，华为发布《数据中心2030》报告。华为预测，到2030年全球AI计算算力将超过105 ZFLOPS(FP16)：AI计算算力成为数据中心发展的最大驱动力和决定性因素。未来5到10年通用大模型的发展有可能使AI对文字、音乐、绘画、语音、图像、视频等领域的理解力超过人类平均水平，并与互联网和智能设备深度融合，深度改变全社会的消费模式和行为。,23:22:02,2023-09-20,,
,财联社9月20日电，美国国债收益率跌幅扩大，5-30年期美债收益率刷新日低。,23:12:20,2023-09-20,,
亚马逊举行今年最重磅的新品发布会 AI功能加持的Alexa语音助手等产品亮相,【亚马逊举行今年最重磅的新品发布会 AI功能加持的Alexa语音助手等产品亮相】财联社9月20日电，美东时间就9月20日周三，亚马逊举行今年最重磅的新品发布会，得到生成式人工智能（AI）功能加持的Alexa语音助手、新款音箱Echo、电脑、眼镜、电视等硬件携手亮相，赶在假日季到来前，用全线新品吸引买家。这款亚马逊推出的重新设计界面和升级音箱的Echo 8售价149.99 美元，将于10月开始发货。,23:10:24,2023-09-20,,
美媒：乌国防部情报总局证实 周三克里米亚发生一系列爆炸是乌军所为,【美媒：乌国防部情报总局证实 周三克里米亚发生一系列爆炸是乌军所为】财联社9月20日电，据美国有线电视新闻网（CNN）9月20日报道，20日当天，克里米亚半岛出现疑似用于防务目的烟幕，而克里米亚大桥上的交通也一度中断。CNN称，克里米亚当地社交媒体账号发布的视频显示，大量烟雾从维尔赫内萨多沃耶附近的一个地区升起，那里有一个属于俄军的军事基地。而乌克兰国防部情报总局随后证实，周三在克里米亚发生的一系列爆炸是乌克兰军队所为。“我们可以证实，这是乌克兰安全部门和国防部队针对俄军的军事目标采取的行动”，安德烈·尤索夫发言人安德烈·尤索夫说。 (环球时报),23:09:38,2023-09-20,,
德银预计英国央行将在周四维持利率在5.25%,【德银预计英国央行将在周四维持利率在5.25%】财联社9月20日电，德意志银行称，由于英国CPI数据影响，现在预计英国央行将在周四维持利率在5.25%，此前预期会加息25个基点。,23:06:37,2023-09-20,,
,财联社9月20日电，美国银行上调最低时薪至23美元，未来将进一步上调至25美元。,23:05:17,2023-09-20,,
韩正出席可持续发展目标峰会领导人对话会,"【韩正出席可持续发展目标峰会领导人对话会】当地时间9月19日，国家副主席韩正在纽约联合国总部出席可持续发展目标峰会领导人对话会并发言。

韩正表示，当前全球发展面临严峻挑战。习近平主席2021年提出全球发展倡议，旨在推动实现更加强劲、绿色、健康的全球发展。中国将落实2030年可持续发展议程同国家中长期发展战略有机结合，始终寓自身发展于世界的繁荣稳定之中，以实际行动积极帮助全球南方国家。中方将继续同各方一道，为如期实现可持续发展目标、构建全球发展共同体作出积极贡献。

一是将发展牢牢置于全球议程中心。支持联合国在落实2030年议程中发挥统筹协调作用，促进各国发展理念交流、政策对接、资源匹配，让发展成果惠及每一个国家、每一个人。

二是建设开放型世界经济。倡导开放包容，反对“脱钩断链”，为发展中国家发展创造有利外部环境，提高发展中国家在全球治理中的代表性和发言权。

三是抓住新一轮科技革命历史机遇。深化绿色发展、新型工业化、数字经济等领域务实合作，科学有序推进碳达峰碳中和。

四是重振全球发展伙伴关系。发达国家要履行发展援助和气候融资承诺，发展中国家要深化南南合作。要充分调动社会各界力量，汇聚推动发展的强大合力。",23:03:58,2023-09-20,,
大商所、郑商所夜盘收盘 纯碱跌超4%,【大商所、郑商所夜盘收盘 纯碱跌超4%】财联社9月20日电，大商所、郑商所夜盘收盘，跌多涨少。纯碱跌超4%，苯乙烯跌超2%，PX跌超1%，豆二、豆油等小幅下跌；菜粕、豆一等小幅上涨。,23:00:54,2023-09-20,,
我国各学科最具影响力期刊论文数量首次升至世界第一,【我国各学科最具影响力期刊论文数量首次升至世界第一】财联社9月20日电，中国科学技术信息研究所9月20日发布的2023年中国科技论文统计结果显示，我国各学科最具影响力期刊论文数量首次升至世界第1位，高水平国际期刊论文数量及被引用次数均排在世界第一位。根据该分析报告，各学科影响因子最高的期刊可以被看作是世界各学科最具影响力期刊。统计结果显示，2022年，178个学科中高影响力期刊共有159种，2022年各学科最具影响力期刊上的论文总数为54002篇。中国在这些期刊上发表的论文数为16349篇，占世界总量的30.3%，首次超过美国，排在世界第一位。,22:56:12,2023-09-20,,
【电报解读】超过30个城市布局智算中心，这家公司产品已用于多个智算中心，并与华为在鲲鹏、昇腾、存储产品线上合作,超过30个城市布局智算中心，中国算力规模全球占比达33%，这家公司产品已用于多个智算中心，并与华为在鲲鹏、昇腾、存储产品线上合作，另一家欲打造长三角第一绿色数字经济算力中心。,22:54:56,2023-09-20,,
,财联社9月20日电，光大证券在港交所公告，光大资本以26.4亿元人民币与招商银行等和解。,22:54:13,2023-09-20,,
穆迪与越南主要金融公司合作成立评级机构,【穆迪与越南主要金融公司合作成立评级机构】财联社9月20日电，穆迪9月19日发表声明称，日前与越南多家金融机构共同成立越南投资者服务与信用评级机构股份公司（VIS Rating）。这项合作由越南债券市场协会（VBMA）发起。根据声明，越南财政部于9月18日向 VIS Rating颁发信用评级机构许可证，后者将为越南国内企业债券发行人提供信用评级服务。穆迪是VIS Rating的最大股东，持股49%。其他创始股东包括ACB Securities、Dragon Capital Finance和VNDirect Securities等。VIS Rating将独立于穆迪运营。,22:42:12,2023-09-20,,
利比亚最高国家委员会要求对德尔纳洪灾原因进行国际调查,【利比亚最高国家委员会要求对德尔纳洪灾原因进行国际调查】财联社9月20日电，据阿拉比亚电视台当地时间9月20日报道，利比亚最高国家委员会要求对德尔纳洪灾原因进行全面的国际调查。利比亚最高国家委员会还表示，将在德尔纳市内组建一个危机管理委员会，由国家负责德尔纳的重建进程。,22:38:02,2023-09-20,,
,财联社9月20日电，美国众议院议长麦卡锡表示，更接近避免政府停摆。,22:36:53,2023-09-20,,
我国首个海上油田群储能电站全容量并网投用,【我国首个海上油田群储能电站全容量并网投用】财联社9月20日电，据中国海油湛江分公司消息，9月20日，我国首个海上油田群储能电站——涠洲电网储能电站全容量并入涠洲油田群电网。涠洲电网储能电站与涠洲油田群电网内的燃气电站、余热电站、光伏电站共同构建了我国首个源网荷储一体、多能互补的海上油田群智慧电力系统。,22:34:27,2023-09-20,,
首旅酒店：国庆期间酒店预售情况良好,【首旅酒店：国庆期间酒店预售情况良好】财联社9月20日电，首旅酒店在互动平台表示，国庆期间酒店预售情况良好，未来实现营业收入取决于酒店住宿客人订单实际履约情况。,22:34:07,2023-09-20,首旅酒店,600258.SH
黎巴嫩总理与土耳其总统及巴勒斯坦总统举行三方会晤,【黎巴嫩总理与土耳其总统及巴勒斯坦总统举行三方会晤】财联社9月20日电，黎巴嫩总理府新闻办公室当地时间9月20日宣布，正在纽约出席联合国大会的黎巴嫩看守政府总理米卡提与土耳其总统埃尔多安及巴勒斯坦总统阿巴斯举行三方会晤。三方会晤结束后，米卡提与阿巴斯进行了单独会谈，双方讨论了黎南部最大巴勒斯坦难民营的安全局势。根据黎巴嫩总理府新闻办公室发布的消息，巴勒斯坦总统阿巴斯表示他已下令要求难民营内的巴勒斯坦武装派别结束“战斗”。米卡提强调，巴勒斯坦武装派别应与黎安全部门进行合作以缓解紧张局势。,22:32:46,2023-09-20,,
,财联社9月20日电，美国至9月15日当周EIA原油库存减少213.5万桶。,22:30:40,2023-09-20,,
,财联社9月20日电，据比亚迪汽车官微消息，仰望U8豪华版正式上市，售价109.8万元。,22:18:06,2023-09-20,,
香港证监会：与JPEX从未就牌照进行过沟通,【香港证监会：与JPEX从未就牌照进行过沟通】财联社9月20日电，香港证监会就JPEX发布声明，虚拟资产交易平台JPEX从未就任何可能的牌照申请与证监会接洽，而JPEX集团内没有实体获证监会发牌，或已向证监会申请在香港经营虚拟资产交易平台的牌照。因此，证监会与JPEX之间没有就发牌相关事宜进行沟通。,22:11:33,2023-09-20,香港证监会,
周小川：要高度重视人工智能与人类的多元价值对齐,【周小川：要高度重视人工智能与人类的多元价值对齐】财联社9月20日电，博鳌亚洲论坛国际科技与创新论坛第三届大会20日举行开幕式。博鳌亚洲论坛副理事长周小川在致辞中表示，全球科技创新治理已成为紧迫任务。全球需要在加强知识产权保护的同时，促进生物、绿色和数字科技的快速和广泛应用。要在加强隐私保护和关键数据安全的同时，促进数据有序跨境流动，共享全球数字红利。在追求通用人工智能的道路上，要高度重视人工智能与人类的多元价值对齐。总之，要加强全球科技治理，引导科技向善、规范科技伦理、保护劳动者权益，让科技革命造福人类。,22:10:34,2023-09-20,周小川,
乌媒：西班牙将提供新一轮对乌援助,【乌媒：西班牙将提供新一轮对乌援助】财联社9月20日电，据乌克兰国家通讯社当地时间20日报道，西班牙国防大臣罗夫莱斯宣布，将向乌克兰提供新一轮军事和人道主义援助，还将增加乌克兰军事人员的培训数量，比最初承诺的数量增加一倍。据悉，此次军事援助包括新型装甲运输车、充气指挥艇、用于防空和反舰的发射器、导弹、特种卡车和救护车等。,22:00:31,2023-09-20,,
【公告全知道】华为海思+算力租赁+信创+人工智能+英伟达+数据要素！公司已研发基于华为海思AI芯片的产品,①华为海思+算力租赁+信创+人工智能+英伟达+大数据+数据要素！这家公司是华为智能计算生态联盟的首批成员，已研发基于华为海思AI芯片的产品，投资成立算力公司且规划运营算力总规模不低于10000P；②华为+新能源汽车+卫星通信+消费电子！这家公司是华为核心供应商，制造的部分手机具备卫星电话、救援等诸多功能；③华为汽车+新能源汽车+工业母机！公司为华为问界系列汽车提供核心零部件。,21:56:55,2023-09-20,,
江波龙：UFS2.1产品预计将在2024年上半年开始量产出货,【江波龙：UFS2.1产品预计将在2024年上半年开始量产出货】财联社9月20日电，江波龙接受调研时表示，截至目前，公司车规级eMMC、UFS已通过汽车电子行业核心标准体系AECQ100认证，公司UFS2.1产品已在多个汽车客户端完成产品验证，根据客户项目进展，预计将在2024年上半年开始量产出货。同时，公司还完成了第二代车规级UFS产品的产品设计和验证工作，并开始给策略汽车客户送样验证，将进一步扩大公司的车规市场占有率。,21:52:30,2023-09-20,江波龙,301308.SZ
珠江口部分海域进行实弹射击训练 禁止进入,【珠江口部分海域进行实弹射击训练 禁止进入】财联社9月20日电，据中国海事局网站消息，广东海事局发布航行警告，9月21日8时至18时，珠江口部分海域进行实弹射击训练，禁止进入。,21:51:48,2023-09-20,,
第六届世界顶尖科学家论坛将于11月6日至8日举行,【第六届世界顶尖科学家论坛将于11月6日至8日举行】财联社9月20日电，世界顶尖科学家协会（WLA，中文简称“顶科协”）在上海宣布，第六届世界顶尖科学家论坛（The 6th WLA Forum）将于11月6日至8日在中国上海临港新片区世界顶尖科学家论坛永久会址举行。,21:46:02,2023-09-20,,
宇瞳光学：拟以5000万元-1亿元回购公司股份,【宇瞳光学：拟以5000万元-1亿元回购公司股份】财联社9月20日电，宇瞳光学公告，拟以5000万元-1亿元回购公司股份，回购股份价格不超过21.00元/股。,21:38:14,2023-09-20,宇瞳光学,300790.SZ
北京市委、市政府决定：邱银富任首钢集团总经理,【北京市委、市政府决定：邱银富任首钢集团总经理】财联社9月20日电，首钢集团召开干部大会，宣布北京市委、市政府关于邱银富同志的任职决定：邱银富同志任首钢集团有限公司总经理。,21:34:13,2023-09-20,北京市委、市,
美股三大指数集体高开 蔚来涨逾2%,【美股三大指数集体高开 蔚来涨逾2%】财联社9月20日电，美股三大指数集体高开，道指涨0.25%，纳指涨0.23%，标普500指数涨0.26%。蔚来涨逾2%，蔚来首款智能手机将于9月21日发布。百济神州跌超2%，诺华与其终止tislelizumab（替雷利珠单抗）的合作和许可协议。,21:30:42,2023-09-20,,
【风口研报·洞察】三大原因解释为何近期医药板块表现优异，分析师认为三季报前任存在情绪修复行情，这些公司具有创新药亮眼大单品；近期宏观大类资产三个重要背离的思考,①近期宏观大类资产三个重要背离的思考；②三大原因解释为何近期医药板块表现优异，分析师认为三季报前任存在情绪修复行情，这些公司具有创新药亮眼大单品；③今日全市场机构研报共发布166篇，恒润股份有望迎来拐点，8家公司获得首度覆盖，其中天厦门钨业等3股获新财富分析师覆盖；④在个股机构关注度排行中，盐津铺子首次上榜，前五名依次为盐津铺子>普源精电>康泰生物>卫星化学>盛科通信。,21:19:24,2023-09-20,,
能辉科技：中标9982.06万元EPC总承包项目,【能辉科技：中标9982.06万元EPC总承包项目】财联社9月20日电，能辉科技公告，公司中标广州发展阳山太平光伏复合二期扩建项目EPC总承包(第二次)，中标价格9982.06万元。同日公告，公司为“广西贵港市100MW户用光伏项目发电系统及运维服务项目采购”首选中标候选人，投标报价：供货单价3.5元/Wp（含税），运维费用0.04元/Wp/年（含税）。招标人赣辉新能为公司的关联法人，构成关联交易。,21:11:55,2023-09-20,能辉科技,301046.SZ
波兰外交部召见乌克兰大使,【波兰外交部召见乌克兰大使】财联社9月20日电，据俄新社20日援引波兰媒体的消息报道，对于乌克兰总统泽连斯基所发表有关言论，波兰外交部召见乌克兰驻波大使瓦西里·兹瓦里奇。俄新社提到，乌克兰与波兰之间的紧张关系正在加剧。报道说，对于粮食问题，泽连斯基日前称，基辅在欧洲的“一些朋友”在政治舞台上假装团结，但实际上他们是在为莫斯科采取行动创造条件。对此，波兰政府发言人回应说，“我希望这些话不是在针对波兰。我们的国家没有被点名”。波兰总统府一名发言人称，泽连斯基的言论“令人震惊、不公平”。 (环球网),21:07:22,2023-09-20,,
【财联社早知道】全球首个LEO卫星5G通话成功实现！意味着普通5G手机也能进行卫星通话；华为云昇腾AI云服务百模千态专区上线；这家公司宫颈HSIL非手术类产品国际III期临床成功，即将上市！,"①全球首个LEO卫星5G通话成功实现！意味着普通5G手机也能进行卫星通话，这家公司已形成了“芯片－模块－终端－基站－系统”的全产业链布局，公司还是G60星座载荷唯一供应商；
②华为云昇腾AI云服务百模千态专区上线，机构称大模型快速发展趋势下液冷方案有望迎来高需求，这家公司的液冷测试设备主要应用于服务器领域，主要客户有华为、中兴通讯；
③这家公司的APL-1702用于治疗宫颈高级别鳞状上皮内病变的国际多中心Ⅲ期临床试验达到主要研究终点，公司将于近期与监管部门沟通递交该药品的新药上市申请事宜。",21:06:54,2023-09-20,,
蔚来首款智能手机将于9月21日发布,【蔚来首款智能手机将于9月21日发布】财联社9月20日电，记者从多个独立信源处获悉，蔚来首款手机将于明日上午发布。9月21日，蔚来将举行科技创新日，将首次介绍全栈技术布局，并发布全新移动互联产品。今年8月，在2023年第二季度业绩电话会议上，蔚来创始人、董事长、CEO李斌曾透露，手机的推出将有利于增加车的竞争力，计划9月下旬交付手机产品。 (贝壳财经),21:01:23,2023-09-20,,
,国内期货夜盘开盘涨跌不一，沪银涨0.78%，沪铜涨0.2%，沪镍跌0.77%，铁矿涨0.75%，焦煤涨0.86%，原油跌1%，燃油跌0.75%。,21:00:48,2023-09-20,,
申昊科技：拟以4000万元-8000万元回购股份,【申昊科技：拟以4000万元-8000万元回购股份】财联社9月20日电，申昊科技公告，拟以4000万元-8000万元回购股份，回购价格不超过人民币38.29元/股。,20:56:18,2023-09-20,申昊科技,300853.SZ
三态股份中签号出炉 共约9.24万万个,【三态股份中签号出炉 共约9.24万万个】财联社9月20日电，三态股份披露首次公开发行股票网上中签结果，中签号码共有92398个，每个中签号码只能认购500股三态股份股票。,20:55:31,2023-09-20,,
四川抢锂大战后续：大中矿业近日将一次缴清42亿元拍卖款,【四川抢锂大战后续：大中矿业近日将一次缴清42亿元拍卖款】财联社9月20日电，四川省马尔康市加达锂矿探矿权竞拍出让结果公示期结束整20天。从该锂矿探矿权最终竞得者内蒙古大中矿业股份有限公司处了解到，公司即将于近日一次性缴清此次探矿权出让收益42.0579亿元人民币。“缴款时间应该就在这两天。”当记者以投资者身份询问具体时间时，大中矿业方面表示，“具体情况见公司后续公告。” (澎湃新闻),20:50:25,2023-09-20,四川抢锂大战,
爱立信与德国电信启动合作 将为开发者提供通信和网络API,【爱立信与德国电信启动合作 将为开发者提供通信和网络API】财联社9月20日电，爱立信在官网宣布，其通过网络API创建全球网络平台业务的企业战略迎来关键里程碑。该公司与德国电信（DT）将启动一项商业合作，为开发者和企业提供通信和网络API。API平台将为运营商创造新的途径，使其网络投资货币化，并推动对移动基础设施的投资。,20:36:54,2023-09-20,,
WBMS：2023年7月全球精炼铜供应过剩4.53万吨,【WBMS：2023年7月全球精炼铜供应过剩4.53万吨】财联社9月20日电，世界金属统计局（WBMS）公布的最新报告显示，2023年7月，全球精炼铜产量为220.48万吨，精炼铜消费量为215.95万吨，供应过剩4.53万吨。2023年7月全球铜矿产量为181.64万吨。,20:36:27,2023-09-20,WBMS,
汉仪股份：华为是公司的重要客户与合作伙伴,【汉仪股份：华为是公司的重要客户与合作伙伴】财联社9月20日电，汉仪股份在互动平台表示，华为是公司的重要客户与合作伙伴。一方面，公司设计的鸿蒙字体是字库类技术服务项目，公司以项目形式与华为进行结算。另一方面，公司在华为手机的主题商城中为用户提供个性化字体和主题产品，满足用户个性化的字体需求。华为手机主题商城的用户数量、活跃度、消费频次等等都有利于个性化主题和字体产品的销售。,20:35:29,2023-09-20,汉仪股份,301270.SZ
无锡第五批次9宗涉宅地块全部底价成交 总金额72.2亿元,【无锡第五批次9宗涉宅地块全部底价成交 总金额72.2亿元】财联社9月20日电，江苏省无锡市第五批次的9宗涉宅地块均以底价成交，成交额72.23亿元。9宗涉宅地块分别来自梁溪区（1宗）、锡山区（2宗）、惠山区（1宗）、滨湖区（2宗）、新吴区（3宗），总出让面积约32.26万平方米。其中，容积率在1.6及以下的地块有5宗，占比56%，中指研究院分析称，未来地块项目入市将极大程度上满足改善类客户需求。,20:34:14,2023-09-20,,
四川：到2025年全省元宇宙相关产业规模达到2500亿元,【四川：到2025年全省元宇宙相关产业规模达到2500亿元】财联社9月20日电，四川省经济和信息化厅等16部门联合印发《四川省元宇宙产业发展行动计划（2023—2025年）》，其中提到目标为，到2025年，全省元宇宙相关产业规模达到2500亿元，建成一批元宇宙领域国内一流的重点实验室、工程（技术）研究中心等创新载体，在工业、文旅、教育、城市发展等领域打造200个元宇宙典型应用场景，建成若干个元宇宙特色产业园区，引育15家元宇宙核心赛道链主企业、150家细分领域“专精特新”企业、300家创新型中小企业，推动四川六大优势产业数字化转型智能化升级成果显著。,20:30:56,2023-09-20,,
美股盘前要闻一览,"【美股盘前要闻一览】财联社9月20日电，投资者需重点关注的美股市场财经要闻如下：
1、美国股指期货小幅上涨，截至目前，道指期货涨0.29%，标普500指数期货涨0.22%，纳斯达克100指数期货涨0.21%。
2、欧洲股市多数上涨，德国DAX指数涨0.6%，法国CAC指数涨0.78%，英国富时指数涨0.5%。
3、美联储将于北京时间周四凌晨2点公布9月利率决议。业内人士普遍预计，美联储料将在今晚暂时停下加息脚步。
4、欧洲汽车制造商协会公布的数据显示，8月份欧盟售出的新车中，有五分之一以上是纯电动汽车，销量同比增加了一倍多。
5、苹果法国员工工会呼吁在周五和周六举行全国罢工，为了应对通货膨胀，CGT、Unsa、CFDT和CFTC在内的一些工会在年度工资谈判中提出，要求为所有员工涨薪7%。
6、Meta周三宣布，将在印度推出WhatsApp支付功能，让印度用户可以通过聊天窗口直接向当地商家购买商品和服务。
7、高盛正在就出售专业贷款公司GreenSky给一组投资公司进行深入谈判，交易价值约为5亿美元。
8、微软宣布提高季度股息，从每股0.68美元上调至0.75美元，上调幅度为10%。此举不仅反映了该公司强劲的财务业绩，也表明了其回报忠实投资者的承诺。
9、波音公司发布《当前民用航空市场展望》。在中国远高于全球平均水平的经济发展和国内航空旅行增长的推动下，波音小幅上调对未来20年中国新飞机需求的预测。
10、亚马逊计划新招25万名美国员工，比去年招聘的员工数量多67%；员工时薪从17美元到28美元不等，较去年有所增加。
11、金融服务公司伯恩斯坦表示，预计苹果市值可能跌至第4位，被微软，谷歌和亚马逊超越，因为苹果不是人工智能的核心受益者。甚至，英伟达也有潜力超过苹果。
12、美国抵押贷款巨头房利美日前警告称，美国房屋销售正面临2011年以来最大的放缓，经济将在明年上半年陷入衰退。
13、Wedbush表示，人工智能驱动的增长将推动科技股上涨至今年年底及以后；尽管美联储利率存在不确定性，10年期美国国债收益率上升，但牛市仍将继续。
14、美国检察官正在对特斯拉的42号项目进行调查，并将范围扩大至与马斯克有关的其他公司；检方怀疑，马斯克利用特斯拉资源来为个人利益服务，其还暗示可能提起刑事调查。",20:30:08,2023-09-20,,
【风口研报·公司】肝病领域迎来行业历史性时刻，公司半年报揭露已切换至按次收费的估值逻辑，司美格鲁肽将是下一个潜在催化；另有公司产量增+成本优+自由现金流强+股息率高，当前市场背景下成稀缺资产,"①肝病领域迎来行业历史性时刻，公司半年报揭露已切换至按次收费的估值逻辑，司美格鲁肽将是下一个潜在催化；
②原油年内或突破100美元/桶，这家公司产量增+成本优+自由现金流强+股息率高，当前市场背景下成稀缺资产。",20:27:33,2023-09-20,,
汇丰宣布将向减排技术初创企业提供10亿美元融资,【汇丰宣布将向减排技术初创企业提供10亿美元融资】财联社9月20日电，汇丰控股9月20日发布声明，宣布计划支持电动汽车充电、电池存储、可持续食品和农业以及除碳技术等行业的初创公司，提供共计10亿美元融资。根据声明，汇丰还将额外拨出1亿美元投资于“突破性能源催化剂”（Breakthrough Energy Catalyst）平台，支持利用新兴技术减少排放的项目和企业。,20:24:30,2023-09-20,,
潘基文：建立框架与规则 及时应对科技带来的风险,【潘基文：建立框架与规则 及时应对科技带来的风险】财联社9月20日电，博鳌亚洲论坛国际科技与创新论坛第三届大会今天举行开幕式。博鳌亚洲论坛理事长潘基文在会上表示，技术是发展的根本动力，但并非所有的国家都平等地从中获益，全球还有很多国家被甩在了后面。世界有一半的人口，其中大部分是发展中国家的女性，至今未能接触到互联网。数字鸿沟正在扩大，我们应确保鸿沟不会带来更加严重的不平等。技术应当均衡、全面地发展，兼顾多方利益，尤其是在人工智能、生物科技及其他前沿技术等引发广泛关注和担忧的领域。我们应当建立一个伦理、规则和标准的框架，确保在利益最大化的同时，能将风险最小化。（财联社记者郭松桥 董巍）,20:24:25,2023-09-20,潘基文,
华宇软件：公司实际控制人邵学已正式获释,【华宇软件：公司实际控制人邵学已正式获释】财联社9月20日电，华宇软件发布关于刑事案件进展的公告，公司于2023年9月20日获悉，公司实际控制人邵学已正式获释。至此，（2022）京0108刑初416号刑事判决书已全部执行完毕。,20:18:26,2023-09-20,华宇软件,300271.SZ
9月20日周三《新闻联播》要闻24条,"【9月20日周三《新闻联播》要闻24条】财联社9月20日电，今天《新闻联播》主要内容有：
1、【新思想引领新征程】中欧班列稳定畅通 深化全球互联互通；
2、李强主持召开国务院常务会议；
3、多项政策发力 经济回升向好势头持续巩固；
4、首届金熊猫国际文化论坛在成都举行；
5、中央纪委国家监委公开通报七起违反中央八项规定精神典型问题；
6、【在希望的田野上】各地有序推进秋收作业；
7、中国残疾人联合会第八次全国代表大会闭幕；
8、【杭州第19届亚运会】办赛条件已全部具备 门票销售火热；
9、【杭州第19届亚运会】火炬传递活动最后一站在杭州举行；
10、2023中国企业500强榜单发布；
11、两部门联合开展金秋助学活动；
12、我国新能源公共汽电车占比达77%；
13、前8个月太阳能发电新增装机超1亿千瓦；
14、财政部今天在澳门成功发行50亿元人民币国债；
15、山东装机规模最大抽水蓄能电站全面投产发电；
16、2023世界制造业大会今天开幕；
17、第二届全国技能大赛昨晚闭幕；
18、俄称在多地向乌军发起进攻 乌称击落俄弹道导弹：（1）国际人士：无休止提供武器令冲突加剧 应劝和促谈；（2）乌方称将宣布禁止进口波兰部分农产品；
19、古巴领导人谴责美国单边制裁违反国际法；
20、纳卡地区局势一度紧张 停火共识今达成；
21、俄防长访伊朗 聚焦加强双边国防合作；
22、以军在约旦河西岸军事行动致多人死伤；
23、不满通胀高企 英国医生再次罢工；
24、澳大利亚悉尼发布室外全面禁火令。",20:15:30,2023-09-20,,
海光信息：深算二号已经发布并实现商用 深算三号研发进展顺利,【海光信息：深算二号已经发布并实现商用 深算三号研发进展顺利】财联社9月20日电，海光信息接受调研时表示，海光DCU深算系列属于GPGPU的一种，采用“类CUDA”通用并行计算架构，能够较好地适配、适应国际主流商业计算软件和人工智能软件，产品性能达到国内领先。深算二号已经发布并实现商用，深算二号实现了在大数据处理、人工智能、商业计算等领域的商业化应用，具有全精度浮点数据和各种常见整型数据计算能力，性能相对于深算一号实现了翻倍的增长。深算三号研发进展顺利。,20:14:40,2023-09-20,海光信息,688041.SH
今日11家科创板公司披露回购进展 科创板在途回购计划累计回购超38亿元,【今日11家科创板公司披露回购进展 科创板在途回购计划累计回购超38亿元】《科创板日报》20日讯，据统计，今日有12家科创板公司披露回购进展、经营情况等利好公告。11家发布回购进展公告，其中，南亚新材的回购计划用时半个月便实施完毕，回购金额近3000万元，禾迈股份已回购金额达1.5亿元，大幅超出回购下限，纳芯微、瀚川智能、沃尔德、中自科技已回购金额均超千万。另有亚虹医药自愿披露研发进展。 截至目前，科创板在途回购计划累计回购超38亿元，其中，科创50公司禾迈股份、联影医疗、翱捷科技回购进度分别达到150%、109%、106%。,20:14:07,2023-09-20,,
熙菱信息：预计前三季度净亏损2800万元–3600万元,【熙菱信息：预计前三季度净亏损2800万元–3600万元】财联社9月20日电，熙菱信息公告，预计前三季度净亏损2800万元–3600万元，上年同期亏损4812.6万元。报告期内公司整体亏损收窄，一方面因业务逐渐恢复预计毛利较去年同期有所上升；另一方面报告期内公司长账龄项目回款导致信用减值损失及资产减值损失预计在本报告期转回，对利润总额预计产生正向的影响。,20:12:15,2023-09-20,熙菱信息,300588.SZ
【机构调研】这家电子化学品巨头集成电路营收占比达七成，大基金持股26.40%,这家电子专用化学材料一站式平台集成电路营收占比约70%，公司核心产品国内市占率超50%，大基金持股比例近三成。,20:11:20,2023-09-20,,
成都上半年大数据产业规模573亿元 同比增长32%,【成都上半年大数据产业规模573亿元 同比增长32%】《科创板日报》9月20日讯 ，记者从成都大数据产业生态服务大会上获悉，2023年上半年产业规模达573亿元，同比增长32%，已培育上市公司36家、国家级专精特新小巨人34家。（记者 陈美）,20:09:34,2023-09-20,,
国家药监局：全面强化境内第二类医疗器械审评审批工作,【国家药监局：全面强化境内第二类医疗器械审评审批工作】财联社9月20日电，全国加强第二类医疗器械注册管理工作会议在成都召开。会议通报了境内第二类医疗器械注册清理规范及相关品种整改情况，就全面加强注册管理有关工作作出部署。会议要求，全面强化境内第二类医疗器械审评审批工作。要坚持人民至上，树牢监管为民理念；坚持依法行政，严格规范审评审批；坚持源头治理，严格首个产品上市审批；坚持系统思维，加强质量管理体系建设，切实保障人民群众用械安全。,20:07:59,2023-09-20,国家药监局,
海口首套首付降至25% 二套首付35% 9月21日起执行,【海口首套首付降至25% 二套首付35% 9月21日起执行】财联社9月20日电，海南省市场利率定价自律机制近日发布通知，为进一步促进海口市房地产市场平稳健康发展，根据中国人民银行、国家金融监管总局有关文件精神以及海口市政府调控要求，决定自9月21日起调整海口市购房首付政策。对于拥有海南省户籍的居民家庭，贷款购买海口市商品住房，首套住房商业性个人住房贷款最低首付款比例调整为25%，二套住房商业性个人住房贷款最低首付款比例调整为35%。同时，二套住房商业性个人住房贷款利率政策下限调整为不低于相应期限贷款市场报价利率(LPR)加30个基点。,20:06:15,2023-09-20,,
云南今年新能源新增并网装机突破1000万千瓦,【云南今年新能源新增并网装机突破1000万千瓦】财联社9月20日电，从南方电网云南电网公司获悉，今年以来，云南加快风电、光伏等新能源开发建设步伐，截至8月底，今年全省集中式新能源新增并网装机突破1000万千瓦，达1024.08万千瓦。,20:02:30,2023-09-20,,
埃尔多安和内塔尼亚胡首次面对面会晤 讨论能源、AI等领域合作前景,【埃尔多安和内塔尼亚胡首次面对面会晤 讨论能源、AI等领域合作前景】财联社9月20日电，土耳其总统雷杰普·塔伊普·埃尔多安和以色列总理本雅明·内塔尼亚胡在美国纽约出席联合国大会间歇，实现两人首次面对面会晤。土耳其总统府在社交媒体平台上说，两位领导人讨论了政治、经济和地区议题以及巴以问题。埃尔多安告诉内塔尼亚胡，两国可以在能源、技术、创新、人工智能以及网络安全方面合作。能源有望成为双边合作的一个主要领域。参加会晤的土耳其能源部长阿尔帕尔斯兰·巴伊拉克塔尔说：“会晤主要讨论了天然气勘探、生产和贸易等方面的能源合作机会。”以色列总理府在一份声明中说，两位领导人同意尽快实现互访。,20:02:25,2023-09-20,,
,财联社9月20日电，波罗的海干散货指数涨3.8%，报1584点，为连续第十一个交易日上涨。,20:02:20,2023-09-20,,
建艺集团：拟与债务重组人签署相关抵房抵债认购协议,【建艺集团：拟与债务重组人签署相关抵房抵债认购协议】财联社9月20日电，建艺集团公告，公司拟与债务重组人及其内部关联方湖南湘天房地产开发有限公司签署相关抵房抵债认购协议，债务重组人以湖南湘天房地产开发有限公司已建成商品房作价1046.78万元，用以抵偿其所欠付公司的工程款项合计996.78万元，差额50万元由公司以现金补充。剩余工程所欠款项的还款时间双方另行商定，该笔交易已构成债务重组事项。经初步测算，本次债务重组预计转回已计提应收账款坏账准备约613.02万元，即本次债务重组交易产生的利润约占上市公司最近一个会计年度经审计净利润的50%以上。,20:01:23,2023-09-20,建艺集团,002789.SZ
祥源文旅：预计十一假期公司景区业务将实现较大增量,【祥源文旅：预计十一假期公司景区业务将实现较大增量】财联社9月20日电，祥源文旅董事长王衡在业绩会上表示，十一假期作为旅游行业传统旺季，今年又叠加中秋佳节，从公司目前了解到的铁路预订、酒店预订等出行信息，旅游市场有望迎来进一步爆发，预计公司景区业务将实现较大增量。公司已在营销、接待、安全保障等方面做好全方位部署，全力打好“十一攻坚战”。,20:01:21,2023-09-20,祥源文旅,600576.SH
【电报解读】加快推进新型工业化，机构称这一领域是新型工业化的重要环节，这家公司已打造“采集、控制、计算、存储、显示”功能为一体的边缘产品,加快推进新型工业化，机构称这一领域是新型工业化的重要环节，这家公司已打造“采集、控制、计算、存储、显示”功能为一体的边缘产品，另一家自研工业互联网平台入选工信部“双跨”。,19:54:50,2023-09-20,,
苹果法国工人在iPhone 15发布前号召罢工,【苹果法国工人在iPhone 15发布前号召罢工】财联社9月20日电，苹果法国专卖店的工会呼吁在iPhone 15发布前的周五和周六举行罢工，以便要求苹果公司提高工资和工作条件。工会还呼吁工人们周五上午在巴黎加尼耶歌剧院举行示威，该歌剧院毗邻苹果在巴黎的一家旗舰店。工会成员Karine Chouchane表示，可能会在法国四分之三的苹果商店进行罢工动员。苹果公司尚未对此置评。,19:54:35,2023-09-20,,
中韩举行海域划界谈判工作组第十一轮会谈,【中韩举行海域划界谈判工作组第十一轮会谈】2023年9月19日，外交部东黄海事务代表郭燕与韩国外交部国际法律局局长黄俊植在北京共同主持中韩海域划界谈判工作组第十一轮会谈。双方就中韩海域划界有关问题坦诚深入交换意见，并同意适时举行工作组第十二轮会谈。,19:51:09,2023-09-20,,
全球首个宫颈HSIL非手术类产品国际III期临床成功,【全球首个宫颈HSIL非手术类产品国际III期临床成功】《科创板日报》20日讯，近日，亚虹医药宣布，产品APL-1702的国际多中心III期临床试验达到主要研究终点。该产品用于非手术治疗宫颈高级别鳞状上皮内病变（HSIL），并有望成为全球首个针对宫颈HSIL的疗效确证的非手术类产品。亚虹医药将于近期与监管部门沟通，递交该产品的新药上市申请事宜。（记者 郑炳巽）,19:49:43,2023-09-20,,
英国拟推迟实施新燃油车禁售令 大众汽车与Stellantis呼吁明确监管框架,【英国拟推迟实施新燃油车禁售令 大众汽车与Stellantis呼吁明确监管框架】财联社9月20日电，英国唐宁街9月20日证实，英国首相苏纳克将于当地时间20日下午4点30分发表讲话。外界预测，苏纳克将宣布英国净零排放战略的“重大调整”，包括将新燃油车销售禁令的生效时间从2030年推迟到2035年。9月20日，大众汽车与Stellantis的英国分公司分别表态，呼吁明确监管。大众汽车表示：“我们迫切需要一个清晰可靠的监管框架，以建立市场确定性和消费者信心……需要制定具有约束力的基础设施推广目标和激励措施，以确保前进方向。”Stellantis发言人称，英国政府“必须明确重要立法，尤其是影响整个社会的环境问题”。,19:43:58,2023-09-20,,
锐明技术：华为是公司重要供应商之一,【锐明技术：华为是公司重要供应商之一】财联社9月20日电，锐明技术在互动平台表示，华为是公司重要供应商之一，目前公司与华为的合作正积极有序推进中。公司对星闪技术的研究及应用一直在积极关注及探索中。,19:33:29,2023-09-20,锐明技术,002970.SZ
3天2板万润科技：公司发布多款存储产品 未来市场销售情况尚存在不确定性,【3天2板万润科技：公司发布多款存储产品 未来市场销售情况尚存在不确定性】财联社9月20日电，万润科技披露股票交易异常波动公告，公司在长江产业投资集团有限公司主办的长江产业科技创新周活动之照明与存储半导体创新发展论坛上，发布了多款存储产品，该等产品实际销售情况取决于行业复苏状况、客户接受程度以及市场开拓力度等多种因素，未来市场销售情况尚存在不确定性。,19:28:55,2023-09-20,3天2板万润,
,财联社9月20日电，美国天然气期货日内跌超3%，现报2.763美元/百万英热。,19:26:04,2023-09-20,,
,财联社9月20日电，隔夜指数掉期显示，英国央行周四暂停加息的可能性从周二的20%上升到57%，此前CPI通胀数据低于预期。,19:18:50,2023-09-20,,
南山智尚：拟以3000万元-6000万元回购股份,【南山智尚：拟以3000万元-6000万元回购股份】财联社9月20日电，南山智尚公告，拟以3000万元-6000万元回购股份，回购股份价格不超过人民币17.42元/股。,19:18:18,2023-09-20,南山智尚,300918.SZ
渤海租赁：子公司与卡塔尔航空开展5架A350-1000飞机售后回租业务,【渤海租赁：子公司与卡塔尔航空开展5架A350-1000飞机售后回租业务】财联社9月20日电，渤海租赁公告，控股子公司Avolon Holdings Limited通过全资子公司Avolon Ireland 3与卡塔尔航空签署相关协议，与其开展5架A350-1000飞机售后回租业务。5架飞机目录价格约为18.33亿美元，Avolon Ireland 3在购机后将该5架飞机经营租赁给卡塔尔航空使用，上述飞机预计将于2023年第三季度交付。,19:14:20,2023-09-20,渤海租赁,000415.SZ
广州市住建局：减少购房限制有利于提升外围区域交易活跃度,【广州市住建局：减少购房限制有利于提升外围区域交易活跃度】财联社9月20日电，针对今日广州市调整优化房地产政策，广州市住建局方面向记者表示，目前，广州外围区域供应量大、去库存周期相对较长，减少购房限制有利于提升外围区域的交易活跃度，进一步稳定市场运行。调整增值税免征年限，有利于减少二手房交易成本，推动存量房市场加快恢复发展。小财注：今日广州发布通知，全面取消番禺、黄埔、花都三区楼市限购政策，同时，非户籍人口在限购区域购房缴纳社保及个税年限由此前的5年调整为2年，仍执行限购的区域包括越秀、海珠、荔湾、天河、白云（不含江高镇、太和镇、人和镇、钟落潭镇）、南沙；此外，通知还明确将越秀、海珠、荔湾、天河、白云、黄埔、番禺、南沙、增城等区个人销售住房增值税征免年限从5年调整为2年。（财联社记者 陈业）,19:13:52,2023-09-20,广州市住建局,
李强主持召开国务院常务会议 听取推动经济持续回升向好督查调研情况汇报,【李强主持召开国务院常务会议 听取推动经济持续回升向好督查调研情况汇报】财联社9月20日电，李强主持召开国务院常务会议，会议听取了关于推动经济持续回升向好督查调研情况的汇报。会议强调，对督查调研发现的问题，各地区各部门要高度重视、紧盯不放，把“问题清单”当成“责任清单”，一项一项抓紧整改落实，举一反三扩大整改成果，适时对整改情况进行“回头看”，着力推动已出台的政策措施落地见效。对督查调研收集到的意见建议，有关部门要按照职责分工，结合对明年经济工作的谋划统筹考虑、深入研究，加快推进相关政策出台和工作落实，进一步巩固经济持续回升向好态势。,19:11:03,2023-09-20,,
国常会审议通过《未成年人网络保护条例 (草案)》,【国常会审议通过《未成年人网络保护条例 (草案)》】财联社9月20日电，李强主持召开国务院常务会议，审议通过《未成年人网络保护条例 (草案)》。会议指出，未成年人是国家的未来、民族的希望。要筑牢未成年人网络保护的法治支撑，推动各有关方面严格落实未成年人网络保护责任，引导支持相关企业积极落实条例、做到合规经营，促进未成年人健康成长。,19:10:19,2023-09-20,,
国常会审议通过《清理拖欠企业账款专项行动方案》,【国常会审议通过《清理拖欠企业账款专项行动方案》】财联社9月20日电，李强主持召开国务院常务会议，审议通过《清理拖欠企业账款专项行动方案》。会议指出，解决好企业账款拖欠问题，事关企业生产经营和投资预期，事关经济持续回升向好，必须高度重视。省级政府要对本地区清欠工作负总责，抓紧解决政府拖欠企业账款问题，解开企业之间相互拖欠的“连环套”，央企国企要带头偿还。要突出实质性清偿，加强政策支持、统筹调度和监督考核，努力做到应清尽清，着力构建长效机制。,19:09:28,2023-09-20,,
国常会研究加快推进新型工业化有关工作,【国常会研究加快推进新型工业化有关工作】财联社9月20日电，李强主持召开国务院常务会议，研究加快推进新型工业化有关工作。会议强调，要深入学习贯彻习近平总书记关于推进新型工业化的重要论述，深刻分析把握国内外形势变化和我国新型工业化的阶段性特征，扎实做好各项重点工作，全面提高工业发展质量、效益和国际竞争力。要坚持推动传统产业改造升级和培育壮大战略性新兴产业两手抓，加快发展先进制造业，协同推进数字产业化和产业数字化，着力补齐短板、拉长长板、锻造新板。要坚持深化改革、扩大开放，充分调动各类经营主体积极性，发挥全国统一大市场支撑作用，以主体功能区战略引领产业合理布局，用好国内国际两个市场两种资源，切实增强推进新型工业化的动力活力。,19:07:54,2023-09-20,,
广州拟调整公租房收入线：准入限额提高至家庭年人均49952元,【广州拟调整公租房收入线：准入限额提高至家庭年人均49952元】财联社9月20日电，广州市住房和城乡建设局发布《广州市人民政府办公厅关于进一步加强户籍家庭住房保障工作的通知（征求意见稿）》，公开征求社会公众意见和建议。《征求意见稿》拟将公共租赁住房保障家庭收入线准入限额从现行的家庭年人均收入35660元提高到49952元，同时，对申请家庭所有成员均年满60周岁的家庭，放宽其家庭收入、家庭财产标准至政府公布标准的130%。,19:02:39,2023-09-20,广州拟调整公,
印孚瑟斯与英伟达扩大战略合作：利用生成式AI助全球企业提高生产力,【印孚瑟斯与英伟达扩大战略合作：利用生成式AI助全球企业提高生产力】财联社9月20日电，印度IT巨头印孚瑟斯（Infosys）与英伟达9月20日发布联合声明，宣布双方扩大战略合作，旨在帮助全球企业利用生成式AI应用和解决方案提高生产力。印孚瑟斯计划建立“英伟达卓越中心”，为5万名员工提供英伟达AI技术培训和认证，为其跨行业的庞大客户网络提供生成式AI专业知识。,19:00:06,2023-09-20,印孚瑟斯与英,
中青旅：乌镇公司拟公开挂牌出售濮院公司37.24%股权,【中青旅：乌镇公司拟公开挂牌出售濮院公司37.24%股权】财联社9月20日电，中青旅公告，控股子公司乌镇公司拟通过上海联合产权交易所挂牌转让其持有的濮院公司37.24%股权，挂牌价格不低于评估值2.54亿元。,18:59:34,2023-09-20,中青旅,600138.SH
日本资管巨头三井住友在华设立私募证券基金获批,【日本资管巨头三井住友在华设立私募证券基金获批】财联社9月20日电，据中基协披露，日本资管巨头三井住友旗下三井住友德思资管全资控股的私募基金，已于9月19日完成登记。该基金是一家私募证券投资基金，管理规模区间在0-5亿元，已经于2022年7月注册成立，注册资本6000万元，注册资本实缴比例为50%，目前全职员工有4人。 登记为法定代表人兼董事长的杜洋，曾任职于伦敦证券交易所集团金融与风险部、上海耀之资产国际部、中信建投国际金融控股有限公司资产管理部、南方东英资产管理公司固定收益部等。（财联社记者 封其娟）,18:55:28,2023-09-20,,
世界知识产权组织：中国PCT专利申请量最多的企业是华为、OPPO和中兴通讯,【世界知识产权组织：中国PCT专利申请量最多的企业是华为、OPPO和中兴通讯】财联社9月20日电，世界知识产权组织发布的全球创新指数(GII)显示，根据PCT专利申请量和科学出版物论文发表量两项指标。中国PCT专利申请量最多的是华为、OPPO和中兴通讯，而科技论文发表来自前三位的分别是中山大学、华南理工大学和深圳大学。（财联社记者郭松桥 董巍）,18:55:00,2023-09-20,世界知识产权,
拓尔思：海贝搜索数据库可替代国外开源软件ElasticSearch,【拓尔思：海贝搜索数据库可替代国外开源软件ElasticSearch】财联社9月20日电，拓尔思在互动平台表示，今年4月，公司发布了TRS海贝搜索数据库V10（以下简称海贝）加强版（Hybase10 Pro），完成了海贝的稠密向量索引核心功能开发。海贝目前已经服务于安全大数据、媒体大数据、政府大数据以及军队大数据等众多细分行业，可作为国外开源软件ElasticSearch的国产替代。目前海贝已完成与龙芯、海光、飞腾、鲲鹏等国产芯片以及中标麒麟、统信UOS等国产操作系统的适配工作，完全满足信创要求和国产化替换需求。拓天F金融行业大模型已在投研服务、信贷风控、审查审批、客户服务等场景助力用户实现智能化转型。,18:52:00,2023-09-20,拓尔思,300229.SZ
成都银行：副董事长任职资格获监管机构核准,【成都银行：副董事长任职资格获监管机构核准】财联社9月20日电，成都银行公告，国家金融监督管理总局四川监管局已核准王涛公司副董事长的任职资格。在取得公司副董事长的任职资格后，王涛担任公司党委副书记、副董事长、行长。,18:50:05,2023-09-20,成都银行,601838.SH
爱尔眼科：拟收购19家医疗机构部分股权,【爱尔眼科：拟收购19家医疗机构部分股权】财联社9月20日电，爱尔眼科公告，拟收购海南爱尔、枣庄爱尔等19家医疗机构部分股权。本次收购有利于尽快完善区域市场布局，形成规模效应，进一步深化在全国各地的“分级连锁”体系。,18:49:04,2023-09-20,爱尔眼科,300015.SZ
普利制药：替韦立马原料药提交美国DMF,【普利制药：替韦立马原料药提交美国DMF】财联社9月20日电，普利制药公告，全资子公司安徽普利药业有限公司向FDA顺利提交了替韦立马原料药药物主文件(DMF)。,18:49:01,2023-09-20,普利制药,300630.SZ
皖通高速：拟向控股股东子公司转让所持类金融公司股权,【皖通高速：拟向控股股东子公司转让所持类金融公司股权】财联社9月20日电，皖通高速公告，拟将所持皖通小贷10%的股权、所持新安金融6.6225%的股份、所持新安资本6.6225%的股权转让给控股股东之全资子公司安徽交控资本投资管理有限公司，合计转让价格8986.72万元。,18:46:07,2023-09-20,皖通高速,600012.SH
小米集团：斥资约2370万港元回购200万股,【小米集团：斥资约2370万港元回购200万股】财联社9月20日电，小米集团(01810.HK)发布公告，当日回购200万股股份，耗资约2370万港元。每股回购价为11.82港元至11.86港元。,18:44:45,2023-09-20,小米集团,
邦彦技术：控股股东、实控人办理解除婚姻关系手续,【邦彦技术：控股股东、实控人办理解除婚姻关系手续】财联社9月20日电，邦彦技术公告，于近日收到公司控股股东、实际控制人、董事长祝国胜的通知，获悉祝国胜与张岚已办理解除婚姻关系手续，并就股份分割等事宜作出相关安排，同时双方签署了《表决权委托协议》，将分割后获得的全部股份的表决权委托给祝国胜。,18:42:08,2023-09-20,邦彦技术,688132.SH
唯赛勃：公司海水淡化膜对核污染水的一些重金属元素有很好的截留作用,【唯赛勃：公司海水淡化膜对核污染水的一些重金属元素有很好的截留作用】财联社9月20日电，唯赛勃近日在业绩说明会上表示，公司高度重视核废水排海和净化处理问题，对相关应用也一直在积极研讨中，现阶段，公司的海水淡化膜可以对核污染水的一些重金属元素有很好的截留作用，但是对氚和氚的重水，暂时仍无相关方案可以有效净化处理。,18:38:48,2023-09-20,唯赛勃,688718.SH
友邦保险：斥资约1.35亿港元回购206.7万股,【友邦保险：斥资约1.35亿港元回购206.7万股】财联社9月20日电，友邦保险(01299.HK)发布公告，当日斥资约1.35亿港元回购股份206.7万股，每股回购价格为64.55-65.7港元。,18:37:46,2023-09-20,友邦保险,
昆仑万维：拟投资并控股AI大算力芯片创业企业艾捷科芯,【昆仑万维：拟投资并控股AI大算力芯片创业企业艾捷科芯】财联社9月20日电，昆仑万维公告，拟以全资公司昆诺天勤和新余昆智为主体，对AI大算力芯片创业企业艾捷科芯增资并控股，合计出资6.8亿元人民币，获得艾捷科芯58%的股权。增资后，艾捷科芯将纳入公司并表范围。公司控股艾捷科芯后，将携手创始人蒋毅敏博士，与国内芯片领域顶尖科研机构中国科学院微电子研究所强强联合，在AI大算力及配套芯片研发层面力求突破，打造更先进的人工智能芯片。昆仑万维也将完成涵盖人工智能芯片、大模型、AI应用的全产业链布局。,18:37:18,2023-09-20,昆仑万维,300418.SZ
国铁集团：第三方平台任何价格的加速包都无法实现优先购票,【国铁集团：第三方平台任何价格的加速包都无法实现优先购票】财联社9月20日电，针对一些第三方平台宣称“提供‘低速’‘高速’‘光速’等不同价格的抢票加速包，用户购买加速包可以优先购票，购买价格高加速包的用户可以排在价格低加速包的用户前面”，国铁集团负责人强调，任何用户没有优先购票权，在第三方平台购买的任何价格的加速包，都无法实现优先购票。一直以来，铁路部门坚持公平公正原则，采取技术手段等方式全力维护广大旅客合法权益和正常售票秩序，通过对12306系统实时监测和大数据分析，一旦发现购票行为异常的用户，将对其采取限流措施。当有人退票等原因产生新的票额时，铁路12306系统优先满足候补购票订单，按照旅客提交订单的先后顺序进行兑现，不收取任何附加费用。,18:31:04,2023-09-20,国铁集团,
晶科科技：拟3.15亿美元投建沙特阿拉伯400MW光伏发电项目,【晶科科技：拟3.15亿美元投建沙特阿拉伯400MW光伏发电项目】财联社9月20日电，晶科科技公告，拟投资建设沙特阿拉伯400MW光伏发电项目，投资总额约3.15亿美元（折合人民币约23亿元）。同日公告，全资下属公司晶科香港拟在境外发行规模不超过10亿元人民币（含10亿元人民币）或等值外币的公司债券。,18:29:14,2023-09-20,晶科科技,601778.SH
国务院批复同意海南省国土空间规划,【国务院批复同意海南省国土空间规划】财联社9月20日电，国务院发布关于《海南省国土空间规划（2021—2035年）》的批复。批复称，到2035年，海南省耕地保有量不低于721.75万亩，其中永久基本农田保护面积不低于638万亩；生态保护红线不低于1.76万平方千米，其中海洋生态保护红线不低于0.83万平方千米；城镇开发边界扩展倍数控制在基于2020年城镇建设用地规模的1.3倍以内；单位国内生产总值建设用地使用面积下降不少于40%；大陆自然岸线保有率不低于国家下达任务，其中2025年不低于63%；用水总量不超过国家下达指标，其中2025年不超过53亿立方米；除国家重大项目外，全面禁止围填海；严格无居民海岛管理。明确自然灾害风险重点防控区域，落实战略性矿产资源、历史文化保护等安全保障空间，严格优质岸线资源管理，全面锚固高质量发展的空间底线。,18:28:54,2023-09-20,,
东华科技：收到焦炉煤气分质深度利用项目EPC工程中标通知书,【东华科技：收到焦炉煤气分质深度利用项目EPC工程中标通知书】财联社9月20日电，东华科技公告，收到临涣焦化股份有限公司焦炉煤气分质深度利用项目EPC工程中标通知书，中标金额为6.24亿元。,18:27:20,2023-09-20,东华科技,002140.SZ
吉林敖东：拟以1亿元-1.5亿元回购股份,【吉林敖东：拟以1亿元-1.5亿元回购股份】财联社9月20日电，吉林敖东公告，拟以1亿元-1.5亿元回购股份，回购价格不超过人民币20元/股。,18:25:56,2023-09-20,吉林敖东,000623.SZ
国务院批复同意江西省国土空间规划,【国务院批复同意江西省国土空间规划】财联社9月20日电，国务院发布关于《江西省国土空间规划（2021—2035年）》的批复。批复称，到2035年，江西省耕地保有量不低于4004.59万亩，其中永久基本农田保护面积不低于3545.43万亩；生态保护红线不低于4.12万平方千米；城镇开发边界扩展倍数控制在基于2020年城镇建设用地规模的1.3倍以内；单位国内生产总值建设用地使用面积下降不少于40%；用水总量不超过国家下达指标，其中2025年不超过262.3亿立方米。明确自然灾害风险重点防控区域，落实战略性矿产资源、历史文化保护等安全保障空间，全面锚固高质量发展的空间底线。,18:24:44,2023-09-20,,
大商所发布2023年中秋节、国庆节期间交易时间安排,【大商所发布2023年中秋节、国庆节期间交易时间安排】财联社9月20日电，大商所发布通知，9月29日（星期五）至10月6日（星期五）休市，10月9日（星期一）起照常开市。10月7日（星期六）、10月8日（星期日）为周末休市。9月28日（星期四）晚上不进行夜盘交易。10月9日（星期一）所有合约集合竞价时间为上午08:55-09:00。10月9日（星期一）当晚恢复夜盘交易。,18:24:06,2023-09-20,,
广电总局：开展广播电视和网络视听虚拟现实制作技术应用示范有关工作,【广电总局：开展广播电视和网络视听虚拟现实制作技术应用示范有关工作】财联社9月20日电，广电总局印发《关于开展广播电视和网络视听虚拟现实制作技术应用示范有关工作的通知》。《通知》阐明虚拟现实制作技术应用示范工作目标，提出10类虚拟现实制作技术应用示范类型，明确申报要求，明晰各方职责。《通知》的印发是落实五部委联合印发的《虚拟现实与行业应用融合发展行动计划(2022-2026年)》的重要举措，有利于进一步加快推动虚拟现实制作关键技术攻关、重要标准研制、应用场景创新、业务流程示范，对开辟行业发展新领域新赛道，打造竞争新亮点新优势具有重要意义。,18:23:03,2023-09-20,广电总局,
潍柴动力：放弃潍柴智能科技有限公司增资优先认缴权,【潍柴动力：放弃潍柴智能科技有限公司增资优先认缴权】财联社9月20日电，潍柴动力公告，潍柴智能科技有限公司因业务发展的需要，拟增资4亿元。经智能科技各方股东沟通，本次增资将由中国重汽集团济南动力有限公司认缴。公司根据投资规划及经营状况，同意放弃本次对智能科技的增资优先认缴权。增资完成后济南动力持有智能科技约72.36%的股权。,18:22:07,2023-09-20,潍柴动力,000338.SZ
京东方A：第6代新型半导体显示产线预计于2025年量产,【京东方A：第6代新型半导体显示产线预计于2025年量产】财联社9月20日电，京东方A在互动平台表示，公司应用于VR/AR智慧终端的Fast LCD显示产品和Micro OLED显示产品已实现量产出货，于去年布局的应用LTPO技术的第6代新型半导体显示产线预计于2025年量产，届时将为全球品牌客户提供LTPO微显示产品，以满足消费者对AR/VR/MR产品的需求。,18:19:56,2023-09-20,京东方A,
艾为电子：近期推出的新产品有复位开关、CC逻辑识别芯片等,【艾为电子：近期推出的新产品有复位开关、CC逻辑识别芯片等】财联社9月20日电，艾为电子近期接受投资者调研时称，公司产品的主要产品线有高性能数模混合芯片、电源管理芯片、信号链芯片等。公司近期推出的新产品有：复位开关、CC逻辑识别芯片、分立式光学防抖OIS驱动芯片等。,18:17:39,2023-09-20,艾为电子,688798.SH
【机构龙虎榜解读】光刻胶+医药中间体，光刻胶项目正在小试研发阶段，中间体可用于精神类、抗抑郁类药物，主营产品是紫外光固化产品的重要配方成分，这家公司获机构净买入,"①光刻胶+医药中间体，光刻胶项目正在小试研发阶段，中间体可用于精神类、抗抑郁类药物，主营产品是紫外光固化产品的重要配方成分，这家公司获机构净买入；
②司美格鲁肽+次新，年产190吨高端医药项目包括司美格鲁肽中间体，核心产品应用于阿尔茨海默症领域，海外客户包括拜耳、强生、辉瑞等医药巨头，3家机构抢筹这家医药次新。",18:14:12,2023-09-20,,
甘咨询：子公司中标1365万元勘察设计项目,【甘咨询：子公司中标1365万元勘察设计项目】财联社9月20日电，甘咨询公告，全资子公司水电设计院近期收到“甘肃省白银市平川区现代丝路寒旱高效农业水源工程勘察设计”中标通知书，项目投资估算4.64亿元，中标价格1365万元。,18:13:29,2023-09-20,甘咨询,000779.SZ
摩根大通：原油价格上涨势头可能已经见顶,【摩根大通：原油价格上涨势头可能已经见顶】财联社9月20日电，摩根大通表示，油价涨势可能已经走到尽头。自8月底以来，布伦特原油价格大幅上涨，近日来在每桶95美元的水平徘徊，原因是沙特的减产导致市场吃紧。但摩根大通全球大宗商品策略主管卡内娃说，亚洲的需求复苏正在接近尾声，在目前的价格水平下，需求可能会减弱，进一步的价格上涨可能有限。摩根大通将年底布伦特原油价格目标维持在每桶86美元不变。,18:13:11,2023-09-20,摩根大通,
中国交建：香港振华拟受让海外地产美国公司17.25%股权,【中国交建：香港振华拟受让海外地产美国公司17.25%股权】财联社9月20日电，中国交建公告，公司附属香港振华拟受让中交集团附属海外地产所持海外地产美国公司17.25%股权，关联交易金额为6783万美元。,18:11:24,2023-09-20,中国交建,601800.SH
阿迪达斯投资10亿元的苏州自动化配送中心启用,【阿迪达斯投资10亿元的苏州自动化配送中心启用】财联社9月20日电，阿迪达斯苏州自动化配送中心开业仪式在苏州工业园区举行。此次启用的阿迪达斯苏州自动化配送中心总投资约10亿元人民币，建筑面积约13.9万平方米。,18:10:27,2023-09-20,,
贝肯能源：签署14.5亿元工程施工合同,【贝肯能源：签署14.5亿元工程施工合同】财联社9月20日电，贝肯能源公告，全资子公司贝肯成都与中国石油天然气股份有限公司西南油气田分公司开发事业部签署《开发事业部2023-2024年深层页岩气钻井工程施工（日费制）合同（贝肯）》，合同总金额暂定14.5亿元。,18:08:27,2023-09-20,贝肯能源,002828.SZ
广州：大力加快推动公共租赁住房、保障性租赁住房和配售的保障性住房发展,【广州：大力加快推动公共租赁住房、保障性租赁住房和配售的保障性住房发展】财联社9月20日电，广州市人民政府办公厅发布关于优化我市房地产市场平稳健康发展政策的通知，大力加快推动公共租赁住房、保障性租赁住房和配售的保障性住房发展。提高公共租赁住房保障水平，完善户籍家庭公共租赁住房保障方式；支持各类市场主体积极参与，多主体、多渠道筹集建设保障性租赁住房；建立健全配售的保障性住房体系，稳慎有序开展规划建设。,18:07:45,2023-09-20,,
龙虎榜|万润科技今日涨停 机构净买入4383.43万元,【龙虎榜|万润科技今日涨停 机构净买入4383.43万元】财联社9月20日电，万润科技今日涨停，全天换手率18.30%，成交额18.18亿元，振幅9.82%。龙虎榜数据显示，机构净买入4383.43万元，营业部席位合计净买入2398.53万元。,18:07:27,2023-09-20,,
安达智能：ADA智能平台已在部分客户实现出货,【安达智能：ADA智能平台已在部分客户实现出货】财联社9月20日电，安达智能近期在接受调研时表示，ADA智能平台是公司持续研发升级、推广的核心产品之一，目前加大对客户的拓展力度，已经在部分客户实现了出货，得到了客户的认可，未来公司将在现有客户、新客户上加大开拓力度。,18:06:32,2023-09-20,安达智能,688125.SH
利元亨：工业机器人智能装备研发中心项目将于明年7月份建成,【利元亨：工业机器人智能装备研发中心项目将于明年7月份建成】财联社9月20日电，利元亨近期在接受调研时表示，“工业机器人智能装备生产项目”已于今年6月份建成投产，“工业机器人智能装备研发中心项目”将于明年7月份建成，不会取消。,18:05:14,2023-09-20,利元亨,688499.SH
久立特材：控股股东及实控人承诺不减持公司股份,【久立特材：控股股东及实控人承诺不减持公司股份】财联社9月20日电，久立特材公告，收到控股股东久立集团股份有限公司及实际控制人周志江出具的《关于自愿不减持浙江久立特材科技股份有限公司股份的承诺函》，公司控股股东及实际控制人承诺：自本承诺之日起未来6个月内，不以任何方式减持所持有的公司股份。,18:04:26,2023-09-20,久立特材,002318.SZ
中央纪委国家监委公开通报七起违反中央八项规定精神典型问题,【中央纪委国家监委公开通报七起违反中央八项规定精神典型问题】财联社9月20日电，中央纪委国家监委对7起违反中央八项规定精神典型问题进行公开通报。国家发展改革委评估督导司原党支部书记、司长王青云，上海期货交易所原党委书记、理事长姜岩，中国五矿集团中冶华天工程技术有限公司原党委书记、董事长田野，甘肃省兰州市政协人口资源环境委员会主任、二级巡视员杨盛泉，安徽省阜阳市委编办原主任顾中伟、市财政局局长笪乘胜，原江苏省淮海剧团党支部书记、团长陈万宏，山西省临汾市安泽县人大常委会副主任李软萍等人违规公款吃喝、公款送礼、违规收受礼品礼金、违规接受或提供可能影响公正执行公务的宴请等，受到严肃处理。,18:03:52,2023-09-20,,
首个一线城市官宣！广州优化住房限购和增值税免税年限,【首个一线城市官宣！广州优化住房限购和增值税免税年限】财联社9月20日电，广州市发布优化房地产市场平稳健康发展政策的通知，将住房限购政策调整为，在越秀、海珠、荔湾、天河、白云（不含江高镇、太和镇、人和镇、钟落潭镇）、南沙等区购买住房的，本市户籍居民家庭限购2套住房；非本市户籍居民家庭能提供购房之日前2年在本市连续缴纳个人所得税缴纳证明或社会保险证明的，限购1套住房。将越秀、海珠、荔湾、天河、白云、黄埔、番禺、南沙、增城等区个人销售住房增值税征免年限从5年调整为2年。,18:03:03,2023-09-20,,
豪恩汽电：收到行车记录系统产品定点通知书,【豪恩汽电：收到行车记录系统产品定点通知书】财联社9月20日电，豪恩汽电公告，近日收到了某一流合资品牌车企的供应商定点信。根据该定点信显示，公司成为该客户行车记录系统产品的供应商，生命周期内预计销售收入约9亿元。,18:02:34,2023-09-20,豪恩汽电,301488.SZ
,财联社9月20日电，交易员将英国央行周四加息25个基点的概率降至50%。,18:01:42,2023-09-20,,
北交所召开私募做市研讨会 多家私募机构认为参与做市具备探索空间,【北交所召开私募做市研讨会 多家私募机构认为参与做市具备探索空间】财联社9月20日电，从部分私募机构了解到，9月20日，北交所召开私募做市研讨会，邀请了基金业协会、私募机构代表就北交所探索私募做市业务、持续完善市场交易制度进行了深入研讨。据了解，会议围绕做市商功能定位、私募基金开展北交所做市业务的意愿和可行路径等问题进行广泛研讨。同时，多家参会私募机构表示，做市商制度与中小企业为主、流动性相对偏弱市场的契合度较高，认为当前北交所做市制度切实发挥了促进流动性和平抑价格波动的作用，并表示私募机构参与北交所股票做市具备探索空间。 (新京报贝壳财经),18:01:22,2023-09-20,,
以岭药业：中药新药“连花清咳颗粒”药物临床试验申请获得受理,【以岭药业：中药新药“连花清咳颗粒”药物临床试验申请获得受理】财联社9月20日电，以岭药业公告，中药新药“连花清咳颗粒”药物临床试验申请获得受理，连花清咳颗粒是依据儿童用药习惯，基于“连花清咳片”研发的中药颗粒剂。其拟定功能主治为：宣肺泄热，化痰止咳。,17:59:23,2023-09-20,以岭药业,002603.SZ
杭州今年第十批供地揽金逾91亿元,【杭州今年第十批供地揽金逾91亿元】财联社9月20日电，杭州进行今年第十批供地。杭州本次共出让8宗地块，出让总建筑面积48.4万平方米，起始出让总价85.9亿元。最终，这8宗地块全部成功出让，总成交金额91.6亿元，平均溢价率6.7%；8宗地块中，仅3宗封顶摇号，其余地块以底价成交。（财联社记者 王海春）,17:59:04,2023-09-20,,
,财联社9月20日电，腾讯控股9月20日回购130万股，耗资约4亿港元。,17:51:29,2023-09-20,,
南向资金今日净买入约32亿港元 盈富基金获净买入居前,【南向资金今日净买入约32亿港元 盈富基金获净买入居前】财联社9月20日电，南向资金今日净买入31.99亿港元。港股通(沪)方面，建设银行、工商银行分别获净买入2.28亿港元、2.12亿港元，中国海洋石油遭净卖出1.28亿港元；港股通(深)方面，盈富基金、小鹏汽车-W分别获净买入5.32亿港元、2.35亿港元，快手-W遭净卖出2.58亿港元。,17:47:53,2023-09-20,,
国机汽车：全资子公司签署1.82亿元项目EPC总承包合同,【国机汽车：全资子公司签署1.82亿元项目EPC总承包合同】财联社9月20日电，国机汽车公告，全资子公司中汽工程于9月20日与上海汽车集团股份有限公司签署《自主品牌郑州电池PACK工厂项目EPC总承包合同》。项目建设年产24万台的新能源汽车电池包（PACK），合同价款1.82亿元（含税）。,17:47:46,2023-09-20,国机汽车,600335.SH
王毅会见蒙古国家安全委员会秘书长恩赫巴亚尔,【王毅会见蒙古国家安全委员会秘书长恩赫巴亚尔】当地时间2023年9月19日，中共中央政治局委员、中央外办主任王毅在莫斯科会见蒙古国家安全委员会秘书长恩赫巴亚尔。王毅说，中蒙山水相连、休戚与共，是好邻居，也是好伙伴。两国互信牢固，友谊深厚，利益交融。去年，两国元首成功会晤，双方宣布共建两国命运共同体，推动中蒙关系迈上新台阶。作为全面战略伙伴和紧密邻邦，中方始终尊重蒙古人民自主选择的发展道路。我们愿同蒙方一道，落实好两国领导人重要共识，深化双方安全合作，为两国共同发展和地区和平稳定提供坚实保障。恩赫巴亚尔表示，蒙中始终尊重彼此核心利益，在抗疫中相互支持，蒙中关系处于历史最好时期。蒙方珍视两国山水相连的情谊和全面战略伙伴关系，坚定奉行对华友好政策，坚定恪守一个中国原则。当前国际局势动荡不宁，蒙方坚持多边主义，愿同中方加强安全合作，助力两国发展繁荣。,17:44:58,2023-09-20,,
大丰实业：拟1000万元-2000万元回购公司股份,【大丰实业：拟1000万元-2000万元回购公司股份】财联社9月20日电，大丰实业公告，拟1000万元-2000万元回购公司股份，回购价格不超过22.5元/股（含），回购股份拟用于公司转换公司发行的可转换为股票的公司债券。,17:43:45,2023-09-20,大丰实业,603081.SH
报告：2025年新茶饮市场规模有望超过两千亿元,【报告：2025年新茶饮市场规模有望超过两千亿元】财联社9月20日电，中国连锁经营协会新茶饮委员会联合美团新餐饮研究院共同出品了《2023 新茶饮研究报告》。报告指出，全年新茶饮消费市场规模有望达到1498亿元，恢复3年复合增长率近20%的水平。至2025年，国内消费市场规模预计进一步扩张至2015亿元。,17:42:35,2023-09-20,,
正业科技：拟投资建设景德镇高新区屋顶分布式光伏项目,【正业科技：拟投资建设景德镇高新区屋顶分布式光伏项目】财联社9月20日电，正业科技公告，拟通过全资孙公司光运达在景德镇高新区投资建设屋顶分布式光伏项目，该项目光伏发电总装机容量为19445.35kWp，项目总投资为1.01亿元。,17:41:55,2023-09-20,正业科技,300410.SZ
华虹公司：拟向全资子公司华虹宏力增资126.32亿元,【华虹公司：拟向全资子公司华虹宏力增资126.32亿元】《科创板日报》20日讯，华虹公司公告，拟使用募集资金向全资子公司华虹宏力增资126.3235亿元。本次公司向华虹宏力增资的募集资金中，部分募集资金将用于华虹宏力向华虹制造（无锡）项目的实施主体华虹半导体制造（无锡）有限公司增资，其余募集资金将用于8英寸厂优化升级项目、特色工艺技术创新研发项目及补充流动资金。,17:40:30,2023-09-20,华虹公司,688347.SH
2023年版全球创新指数（GII）发布：全球五大科技集群目前全部位于东亚,【2023年版全球创新指数（GII）发布：全球五大科技集群目前全部位于东亚】财联社9月20日电，世界知识产权组织今日在博鳌亚洲论坛国际科技与创新大会发布2023 年版全球创新指数（GII），全球排名前五的科技集群目前全部位于东亚，分别为东京-横滨（日本）、深圳-香港-广州（中国和中国香港）、首尔（韩国）、北京（中国）和上海-苏州（中国）。（财联社记者郭松桥 董巍）,17:39:20,2023-09-20,2023年版,
印尼总统：正推动与美国尽快签署关键矿产协议,【印尼总统：正推动与美国尽快签署关键矿产协议】财联社9月20日电，印尼总统佐科·维多多接受电视采访表示，印尼正推动与美国尽快签署关键矿产协议，“若如我们所愿签署协议，这当然对印尼的产品有利，印尼的产品将能够进入非常广大的美国市场”。本月早些时候，美国副总统哈里斯在访问雅加达期间表示，美方希望扩大与印尼的矿产关系，因后者拥有全球最大镍储量。,17:39:14,2023-09-20,印尼总统,
世界知识产权组织：中国拥24个科技集群 比去年增加3个,【世界知识产权组织：中国拥24个科技集群 比去年增加3个】财联社9月20日电，世界知识产权组织今日在博鳌亚洲论坛国际科技与创新大会发布2023 年版全球创新指数（GII），查明中国拥有 24个科技集群，比去年的 21个有所增加，是科技集群数量最多的国家，其中深圳-香港-广州、北京、上海-苏州、南京名列前茅。 在百强集群中，美国占21个，德国9个，日本、加拿大、印度和韩国各4个。（记者郭松桥 董巍）,17:39:07,2023-09-20,世界知识产权,
海南发布航行警告：军事训练 禁止驶入,【海南发布航行警告：军事训练 禁止驶入】财联社9月20日电，从海南海事局网站获悉，清澜海事局日前发布航行警告：自9月20日8时30分至9月22日17时，南海部分海域进行军事训练，禁止驶入。,17:38:56,2023-09-20,海南发布航行,
龙迅股份：拟1000万美元在新加坡设立全资子公司,【龙迅股份：拟1000万美元在新加坡设立全资子公司】《科创板日报》20日讯，龙迅股份公告，公司拟在新加坡设立全资子公司Lontium Singapore Pte. Ltd.，投资金额1000万美元。公司设立境外全资子公司有利于进一步拓展海外市场，提高全球供应链采购能力，提升国际市场占有率及公司整体抗风险能力。,17:37:55,2023-09-20,龙迅股份,688486.SH
北京中国铁建国际城154套房产挂牌转让,【北京中国铁建国际城154套房产挂牌转让】财联社9月20日电，据北京产权交易所网站披露，北京市朝阳区清河营东路6号院154套房产挂牌转让，单套转让底价从633万元到864万元不等，转让方为北京市朝阳区住房和城乡建设委员会。公告显示，该项目是位于北京市朝阳区清河营东路6号院的中国铁建国际城。,17:35:53,2023-09-20,,
北向资金今日净卖出35.4亿元 贵州茅台遭卖出2.72亿元,【北向资金今日净卖出35.4亿元 贵州茅台遭卖出2.72亿元】财联社9月20日电，北向资金今日净卖出35.4亿元。贵州茅台、伊利股份、迈瑞医疗分别遭净卖出2.72亿元、2.46亿元、1.89亿元。赛力斯净买入额居首，金额为2.18亿元。,17:30:54,2023-09-20,,
雄安新区取消商品住房预售 机构：短期全面推行现房销售的可能性较小,【雄安新区取消商品住房预售 机构：短期全面推行现房销售的可能性较小】财联社9月20日电，雄安新区住房管理中心发布消息，河北雄安新区取消商品住房预售。中指研究院市场研究总监陈文静表示，当前期房销售仍是我国商品房销售的绝对主流模式，在金融配套政策到位以及解决部分核心城市可能出现的供给断档问题之前，全面推行现房销售的可能性较小，预计短期仍将通过在核心城市部分项目进行试点或者在部分地区小范围落地执行的方式推进。,17:26:02,2023-09-20,雄安新区取消,
宁波方正：筹划以现金方式购买骏鹏通信不低于51%股权,【宁波方正：筹划以现金方式购买骏鹏通信不低于51%股权】财联社9月20日电，宁波方正公告，公司正在筹划以现金方式购买骏鹏通信不低于51%股权，本次交易完成后，公司将成为骏鹏通信控股股东。骏鹏通信系由公司实际控制人方永杰、王亚萍之女方如玘控制，本次交易构成关联交易。,17:25:39,2023-09-20,宁波方正,300998.SZ
俄防长：西方对俄罗斯和伊朗施加的制裁毫无前景,【俄防长：西方对俄罗斯和伊朗施加的制裁毫无前景】财联社9月20日电，据俄罗斯卫星通讯社报道，俄罗斯国防部长绍伊古20日在同伊朗国防部长阿什蒂亚尼举行会谈时表示，俄伊两国合作已提高到一个新水平，双方对话目前保持积极发展势头。他还指出，西方对俄罗斯和伊朗施加的制裁毫无前景。,17:23:27,2023-09-20,俄防长,
中化国际：公司及子公司今年累计获得政府补助1.32亿元,【中化国际：公司及子公司今年累计获得政府补助1.32亿元】财联社9月20日电，中化国际公告，公司及子公司自2023年1月1日至本公告日期间，累计获得与收益相关的政府补助1.32亿元，占公司2022年度经审计的归属于上市公司股东净利润的10.04%。,17:23:21,2023-09-20,中化国际,600500.SH
周鸿祎：不要等大模型“无所不能”才入局 “现在就可以开始干了”,【周鸿祎：不要等大模型“无所不能”才入局 “现在就可以开始干了”】财联社9月20日电，“大模型的进化才刚刚开始，现在是百模大战，未来很有可能演化为‘万模群舞’。”9月20日，360创始人周鸿祎在2023亚布力智能制造论坛的演讲中，谈到了对大模型赛道的“预测”。“目前大模型的能力还远没有达到顶峰。但我认为，大家不要等大模型无所不能才开始干，不要在一场新的工业革命到来之际袖手旁观。”在演讲中，周鸿祎“呼吁”道，他表示：只要想清楚场景，现在就可以开始干了，套用耐克的广告语就是“Just do it”。,17:22:37,2023-09-20,周鸿祎,
【风口研报·公司】孟晚舟今日称算力是AI发展的核心驱动力，这家公司拥有某省最大云计算数据中心；本月存储备货需求旺盛，现货价格稳步上扬，这家公司切入存储器检测领域，下游绑定国内存储龙头,"①孟晚舟今日称算力是AI发展的核心驱动力，这家公司拥有某省最大云计算数据中心，并深入提供IDC建、管、维服务；
②本月存储备货需求旺盛，现货价格稳步上扬，这家公司切入存储器检测领域，下游绑定国内存储龙头。",17:22:37,2023-09-20,,
劲嘉股份：拟5亿元设全资子公司 开展电子材料相关业务,【劲嘉股份：拟5亿元设全资子公司 开展电子材料相关业务】财联社9月20日电，劲嘉股份公告，公司拟出资5亿元设立全资子公司，名称为深圳劲嘉新源科技集团有限公司（简称“劲嘉新源”），劲嘉新源定位为聚焦电子材料发展的平台公司，开展研发、投资、管理具有高附加值的半导体材料和功能性薄膜等领域的电子材料相关业务。同日公告，劲嘉新源拟与深圳后浪实验室科技有限公司签署战略合作协议，双方围绕聚合物/金属复合材料产品用高功率磁控溅射设备开展战略合作；劲嘉新源拟对唯亮科技增资1521.74万元，增资完成后，劲嘉新源将持有唯亮科技7%的股权，从而切入先进半导体及光电器件封装材料等电子材料相关业务。,17:20:42,2023-09-20,劲嘉股份,002191.SZ
成都全面布局超算、智算和通用算力三个领域,【成都全面布局超算、智算和通用算力三个领域】《科创板日报》9月20日讯，在今日召开的2023成都创交会上，记者获悉，成都已在超算、智算和通用算力三个关键领域全面布局。超算方面，国家超算成都中心主机性能峰值高达170P，全国排名第5；智算方面，成都智算中心的主机性能峰值达到300P，已为52家企业和40多个高校及研究机构提供了普惠性的公共算力服务；通用算力方面，成都已有9个大型和超大型数据中心投入运营，包括移动、联通、电信和万国等，机架数已超过5万个。（记者 陈美）,17:19:23,2023-09-20,,
美国商务部长：将推动美方早日承认越南市场经济地位,【美国商务部长：将推动美方早日承认越南市场经济地位】财联社9月20日电，越南总理范明政在华盛顿会见美国商务部长吉娜·雷蒙多。雷蒙多表示，美国企业十分关注并希望对越南寻找经营和投资商机，相信在完成“印太经济框架”（IPEF）讨论后，企业和投资基金将加大对越南投资。雷蒙多另外称，将推动美方早日承认越南市场经济地位，并协调配合落实联合声明中商定的内容，特别是在经济、贸易和投资等优先领域，继续将两国合作更加广泛、实质性、有效发展。,17:18:56,2023-09-20,美国商务部长,
法国欲推进欧盟境内航班最低限价,【法国欲推进欧盟境内航班最低限价】财联社9月20日电，法国交通部长克莱芒·博纳说，法国将寻求其他欧洲联盟成员国支持推行欧盟境内航班最低限价，以期减轻民航业碳排放对气候变化的影响。,17:18:49,2023-09-20,,
中国联通：截至8月5G套餐用户累计到达数2.43亿户,【中国联通：截至8月5G套餐用户累计到达数2.43亿户】财联社9月20日电，中国联通发布8月份运营数据，截至8月“大联接”用户累计到达数9.47亿户，其中5G套餐用户累计到达数2.43亿户。,17:16:39,2023-09-20,中国联通,600050.SH
设“杀猪盘”骗钱 9名缅北回流人员因跨境电诈在无锡获刑,【设“杀猪盘”骗钱 9名缅北回流人员因跨境电诈在无锡获刑】财联社9月20日电，无锡江阴法院9月19日对9名缅北回流人员跨境电信网络诈骗案作出一审宣判：杨某等犯诈骗罪，判处有期徒刑一年九个月至九个月不等，并处罚金五千元至三千元不等。法院审理查明，2019年，黄某先后在缅甸勐波洪门大厦、五金建材城等地租赁办公室并成立电信诈骗公司，采用“杀猪盘”方式骗取中国境内公民钱财。该公司从上而下分为老板、总监、代理、组长和业务员，另有财务、客服、后勤等。业务员通过社交软件寻找被害人，通过聊天、“谈恋爱”等取得信任，为进一步诱骗做准备。据查，黄某犯罪团伙的其他成员仅针对江阴的被害人梅某就骗得140余万元。,17:15:43,2023-09-20,,
北新建材：签署收购项目《交易条款备忘录》及《诚意金协议》,【北新建材：签署收购项目《交易条款备忘录》及《诚意金协议》】财联社9月20日电，北新建材公告，公司有意收购嘉宝莉化工集团股份有限公司（简称嘉宝莉）的控制权，并与嘉宝莉的第一大股东香港世骏就股权收购事宜达成了初步意向。9月20日，公司与香港世骏就上述事宜分别签署了《交易条款备忘录》和《诚意金协议》。,17:11:41,2023-09-20,北新建材,000786.SZ
,财联社9月20日电，阿塞拜疆国防部表示，在俄罗斯维和人员的参与下达成停火协议。,17:10:02,2023-09-20,,
恒瑞医药：子公司两款产品获得药物临床试验批准通知书,【恒瑞医药：子公司两款产品获得药物临床试验批准通知书】财联社9月20日电，恒瑞医药公告，子公司苏州盛迪亚生物医药有限公司收到国家药监局核准签发关于注射用SHR-5495的《药物临床试验批准通知书》，注射用SHR-5495通过利用PD-1在肿瘤内和外周T细胞上表达量的差异，特异性激活肿瘤的免疫细胞，从而避免外周T细胞的过度激活；子公司上海恒瑞医药有限公司收到SHR-2005注射液的《药物临床试验批准通知书》，SHR-2005注射液通过激活和促进抗肿瘤T细胞应答，达到抑制肿瘤生长的作用。,17:04:39,2023-09-20,恒瑞医药,600276.SH
金诚信：Lonshi铜矿采选冶联合工程建成投产,【金诚信：Lonshi铜矿采选冶联合工程建成投产】财联社9月20日电，金诚信公告，位于刚果（金）的Lonshi铜矿采、选、冶联合工程已完成建设期各项工作，并于2023年9月20日正式进入生产阶段。Lonshi铜矿采选原矿设计处理规模150万吨/年，通过湿法冶炼系统生产标准阴极铜。根据生产计划，Lonshi铜矿预计2024年底实现达产，达产后年产约4万吨铜金属。,17:04:34,2023-09-20,金诚信,603979.SH
波兰总统：不允许乌克兰粮食不受任何控制地在波兰市场销售,【波兰总统：不允许乌克兰粮食不受任何控制地在波兰市场销售】财联社9月20日电，波兰总统杜达在接受外媒采访时表示，波兰不能允许乌克兰粮食不受任何控制地在波兰市场上销售，令人遗憾的是乌克兰不想理解这一点。杜达强调：“我们也有我们的公民，我们必须照顾他们的利益。”,17:03:45,2023-09-20,波兰总统,
诺德股份：拟投建诺德光储能源电站零碳智慧产业园项目,【诺德股份：拟投建诺德光储能源电站零碳智慧产业园项目】财联社9月20日电，诺德股份公告，控股孙公司湖北诺德锂电与黄石经开区拟签署《项目投资合同书》，投资建设诺德复合集流体产业园项目，本项目计划总投资25亿元。项目建成达产后，预计每年可生产复合铝箔和复合铜箔4.2亿平方米，年产值约40亿元，生产设备产线为柔性设备，可兼容生产复合铝箔和复合铜箔。此外，控股子公司诺德晟世与黄石经开区拟签署《项目投资合同书》，投资建设诺德光储能源电站零碳智慧产业园项目，计划固定资产总投资52亿元。,17:01:51,2023-09-20,诺德股份,600110.SH
中国移动：8月移动业务客户总数9.86亿户,【中国移动：8月移动业务客户总数9.86亿户】财联社9月20日电，中国移动发布8月客户数据，8月移动业务客户总数9.86亿户，其中5G套餐客户数7.33亿户。,17:01:47,2023-09-20,中国移动,600941.SH
长江证券研究所所长徐春将携核心团队加盟国联证券  出任副总裁兼研究所所长,【长江证券研究所所长徐春将携核心团队加盟国联证券  出任副总裁兼研究所所长】财联社9月20日电，记者获悉，徐春已向长江证券正式提出离职，将与机构部总经理李敏捷、首席策略分析师包承超等核心团队一道加盟国联证券，徐春将出任国联证券副总裁、研究所所长。据悉，徐春于2019年出任长江证券研究所所长以来，长江证券研究所分仓佣金收入连续3年排名行业第二，2023年上半年分仓佣金收入达4.67亿元，排名行业第四位。（记者  刘超凤）,17:01:32,2023-09-20,,
周三投资舆情热点,"【周三投资舆情热点】
1）存储芯片：三星电子预计，从第四季度起存储芯片市场或将供不应求，存储涨价潮逐渐蔓延。
2）脑机接口：Neuralink宣布，已获得一个独立审查委员会的批准，将进行首次人体试验，对瘫痪患者的大脑植入设备。
3）创新药：2023年H1新药IND受理量同比增长85%，，将成为2-3年后部分创新药企重要的催化或驱动剂。
4）煤炭：煤炭主产区安全监管形势依然严峻，焦煤、焦炭期货主力合约近期持续走高。",16:57:32,2023-09-20,,
国内成品油价年内第十涨 部分地区95号汽油进入9元时代,【国内成品油价年内第十涨 部分地区95号汽油进入9元时代】财联社9月20日电，国内成品油价迎来年内第十次上调。国家发改委发布消息称，自24时起，国内每吨汽油上调385、柴油上调370元。折合升价，92号汽油上调0.3元、95号汽油和0号柴油各上调0.32元和0.31元。以油箱容量50L的普通私家车计算，车主们加满一箱油将多花15元左右；对满载50吨的大型物流运输车辆而言，平均每行驶一百公里，燃油费用增加12.4元左右。,16:57:10,2023-09-20,,
乘联会：“金九银十”效应应该会出现 自驾游成为出行移动的购车需求,【乘联会：“金九银十”效应应该会出现 自驾游成为出行移动的购车需求】财联社9月20日电，乘联会统计，9月1日至17日，全国乘用车市场零售80.4万辆，同比去年同期增长10%，较上月同期增长2%；其中，新能源车市场零售31.3万辆，同比去年同期增长29%，较上月同期增长8%。乘联会分析称，“金九银十”效应应该会出现，超长的“十一”假期以及过往大型旅游景点摩肩接踵的火爆场景，包括全国范围内相对凉爽的金秋气候，都将促进周边游、自驾游成为出行移动的购车需求。,16:52:36,2023-09-20,乘联会,
北京无人驾驶出行试点收费运营,【北京无人驾驶出行试点收费运营】财联社9月20日电，北京市智能网联汽车政策先行区颁发首批乘用车“车内无人、车外远程”出行服务商业化试点通知书，小马智行获准在北京亦庄开启车内无人自动驾驶 出行服务（Robotaxi）收费。这标志着自动驾驶出行产业正有序进入业务造血阶段。,16:51:04,2023-09-20,,
